-- MySQL dump 10.13  Distrib 5.7.42, for Linux (x86_64)
--
-- Host: localhost    Database: Manage_system
-- ------------------------------------------------------
-- Server version	5.7.42

/*!40101 SET @OLD_CHARACTER_SET_CLIENT=@@CHARACTER_SET_CLIENT */;
/*!40101 SET @OLD_CHARACTER_SET_RESULTS=@@CHARACTER_SET_RESULTS */;
/*!40101 SET @OLD_COLLATION_CONNECTION=@@COLLATION_CONNECTION */;
/*!40101 SET NAMES utf8 */;
/*!40103 SET @OLD_TIME_ZONE=@@TIME_ZONE */;
/*!40103 SET TIME_ZONE='+00:00' */;
/*!40014 SET @OLD_UNIQUE_CHECKS=@@UNIQUE_CHECKS, UNIQUE_CHECKS=0 */;
/*!40014 SET @OLD_FOREIGN_KEY_CHECKS=@@FOREIGN_KEY_CHECKS, FOREIGN_KEY_CHECKS=0 */;
/*!40101 SET @OLD_SQL_MODE=@@SQL_MODE, SQL_MODE='NO_AUTO_VALUE_ON_ZERO' */;
/*!40111 SET @OLD_SQL_NOTES=@@SQL_NOTES, SQL_NOTES=0 */;

--
-- Table structure for table `course_achievement_analyse`
--

DROP TABLE IF EXISTS `course_achievement_analyse`;
/*!40101 SET @saved_cs_client     = @@character_set_client */;
/*!40101 SET character_set_client = utf8 */;
CREATE TABLE `course_achievement_analyse` (
  `id` int(11) NOT NULL AUTO_INCREMENT,
  `value` text NOT NULL,
  `course_id` int(11) NOT NULL,
  PRIMARY KEY (`id`),
  UNIQUE KEY `course_id` (`course_id`),
  CONSTRAINT `达成度分析表和学生信息关联` FOREIGN KEY (`course_id`) REFERENCES `course_basic_information` (`id`) ON DELETE CASCADE ON UPDATE CASCADE
) ENGINE=InnoDB AUTO_INCREMENT=5 DEFAULT CHARSET=utf8;
/*!40101 SET character_set_client = @saved_cs_client */;

--
-- Dumping data for table `course_achievement_analyse`
--

LOCK TABLES `course_achievement_analyse` WRITE;
/*!40000 ALTER TABLE `course_achievement_analyse` DISABLE KEYS */;
INSERT INTO `course_achievement_analyse` VALUES (1,'[[{\"index\":1,\"value\":0.8877},{\"index\":2,\"value\":0.8877},{\"index\":3,\"value\":0.8877},{\"index\":4,\"value\":0.8877},{\"index\":5,\"value\":0.8053},{\"index\":6,\"value\":0.6406},{\"index\":7,\"value\":0.723},{\"index\":8,\"value\":0.7641},{\"index\":9,\"value\":0.8465},{\"index\":10,\"value\":0.7641},{\"index\":11,\"value\":0.7641},{\"index\":12,\"value\":0.6817},{\"index\":13,\"value\":0.7641},{\"index\":14,\"value\":0.7641},{\"index\":15,\"value\":0.8465},{\"index\":16,\"value\":0.8465},{\"index\":17,\"value\":0.6817},{\"index\":18,\"value\":0.6817},{\"index\":19,\"value\":0.7641},{\"index\":20,\"value\":0.7641},{\"index\":21,\"value\":0.7641},{\"index\":22,\"value\":0.7641},{\"index\":23,\"value\":0.7641},{\"index\":24,\"value\":0.7641},{\"index\":25,\"value\":0.7641},{\"index\":26,\"value\":0.8877},{\"index\":27,\"value\":0.8877},{\"index\":28,\"value\":0.6817},{\"index\":29,\"value\":0.6817},{\"index\":30,\"value\":0.8053},{\"index\":31,\"value\":0.4759},{\"index\":32,\"value\":0.8053}],[{\"index\":1,\"value\":0.6836},{\"index\":2,\"value\":0.7473},{\"index\":3,\"value\":0.7473},{\"index\":4,\"value\":0.7473},{\"index\":5,\"value\":0.7791},{\"index\":6,\"value\":0.62},{\"index\":7,\"value\":0.62},{\"index\":8,\"value\":0.6836},{\"index\":9,\"value\":0.8269},{\"index\":10,\"value\":0.7155},{\"index\":11,\"value\":0.7791},{\"index\":12,\"value\":0.7155},{\"index\":13,\"value\":0.7155},{\"index\":14,\"value\":0.7155},{\"index\":15,\"value\":0.7155},{\"index\":16,\"value\":0.7155},{\"index\":17,\"value\":0.7155},{\"index\":18,\"value\":0.7155},{\"index\":19,\"value\":0.7155},{\"index\":20,\"value\":0.7155},{\"index\":21,\"value\":0.7791},{\"index\":22,\"value\":0.6519},{\"index\":23,\"value\":0.8745},{\"index\":24,\"value\":0.8427},{\"index\":25,\"value\":0.8427},{\"index\":26,\"value\":0.8109},{\"index\":27,\"value\":0.8109},{\"index\":28,\"value\":0.8427},{\"index\":29,\"value\":0.8745},{\"index\":30,\"value\":0.8109},{\"index\":31,\"value\":0.4609},{\"index\":32,\"value\":0.7473}],[{\"index\":1,\"value\":0.72},{\"index\":2,\"value\":0.7867},{\"index\":3,\"value\":0.7867},{\"index\":4,\"value\":0.7867},{\"index\":5,\"value\":0.8033},{\"index\":6,\"value\":0.62},{\"index\":7,\"value\":0.62},{\"index\":8,\"value\":0.7534},{\"index\":9,\"value\":0.8867},{\"index\":10,\"value\":0.8033},{\"index\":11,\"value\":0.8867},{\"index\":12,\"value\":0.82},{\"index\":13,\"value\":0.82},{\"index\":14,\"value\":0.8533},{\"index\":15,\"value\":0.8867},{\"index\":16,\"value\":0.8533},{\"index\":17,\"value\":0.82},{\"index\":18,\"value\":0.8033},{\"index\":19,\"value\":0.8533},{\"index\":20,\"value\":0.8033},{\"index\":21,\"value\":0.87},{\"index\":22,\"value\":0.8533},{\"index\":23,\"value\":0.92},{\"index\":24,\"value\":0.9034},{\"index\":25,\"value\":0.8867},{\"index\":26,\"value\":0.8367},{\"index\":27,\"value\":0.8533},{\"index\":28,\"value\":0.8367},{\"index\":29,\"value\":0.8367},{\"index\":30,\"value\":0.8533},{\"index\":31,\"value\":0.42},{\"index\":32,\"value\":0.87}],[{\"index\":1,\"value\":0.6384},{\"index\":2,\"value\":0.5279},{\"index\":3,\"value\":0.5279},{\"index\":4,\"value\":0.5279},{\"index\":5,\"value\":0.7121},{\"index\":6,\"value\":0.5316},{\"index\":7,\"value\":0.5463},{\"index\":8,\"value\":0.62},{\"index\":9,\"value\":0.6752},{\"index\":10,\"value\":0.4911},{\"index\":11,\"value\":0.6937},{\"index\":12,\"value\":0.5463},{\"index\":13,\"value\":0.6384},{\"index\":14,\"value\":0.6568},{\"index\":15,\"value\":0.6937},{\"index\":16,\"value\":0.6016},{\"index\":17,\"value\":0.5279},{\"index\":18,\"value\":0.4727},{\"index\":19,\"value\":0.6384},{\"index\":20,\"value\":0.4727},{\"index\":21,\"value\":0.6384},{\"index\":22,\"value\":0.6384},{\"index\":23,\"value\":0.8595},{\"index\":24,\"value\":0.6384},{\"index\":25,\"value\":0.7858},{\"index\":26,\"value\":0.6384},{\"index\":27,\"value\":0.6568},{\"index\":28,\"value\":0.6384},{\"index\":29,\"value\":0.6016},{\"index\":30,\"value\":0.5648},{\"index\":31,\"value\":0.3989},{\"index\":32,\"value\":0.62}],[{\"index\":1,\"value\":0.62},{\"index\":2,\"value\":0.69},{\"index\":3,\"value\":0.69},{\"index\":4,\"value\":0.69},{\"index\":5,\"value\":0.69},{\"index\":6,\"value\":0.69},{\"index\":7,\"value\":0.69},{\"index\":8,\"value\":0.76},{\"index\":9,\"value\":0.9},{\"index\":10,\"value\":0.55},{\"index\":11,\"value\":0.76},{\"index\":12,\"value\":0.62},{\"index\":13,\"value\":0.76},{\"index\":14,\"value\":0.76},{\"index\":15,\"value\":0.76},{\"index\":16,\"value\":0.76},{\"index\":17,\"value\":0.62},{\"index\":18,\"value\":0.55},{\"index\":19,\"value\":0.76},{\"index\":20,\"value\":0.55},{\"index\":21,\"value\":0.55},{\"index\":22,\"value\":0.76},{\"index\":23,\"value\":0.76},{\"index\":24,\"value\":0.55},{\"index\":25,\"value\":0.76},{\"index\":26,\"value\":0.69},{\"index\":27,\"value\":0.69},{\"index\":28,\"value\":0.69},{\"index\":29,\"value\":0.62},{\"index\":30,\"value\":0.48},{\"index\":31,\"value\":0.27},{\"index\":32,\"value\":0.55}]]',12),(2,'[[{\"index\":1,\"value\":0.8018},{\"index\":2,\"value\":0.3865},{\"index\":3,\"value\":0.3861},{\"index\":4,\"value\":0.2515},{\"index\":5,\"value\":0.2371},{\"index\":6,\"value\":0.2227},{\"index\":7,\"value\":0.2227},{\"index\":8,\"value\":0.2227},{\"index\":9,\"value\":0.2227},{\"index\":10,\"value\":0.2227},{\"index\":11,\"value\":0.2227},{\"index\":12,\"value\":0.2227},{\"index\":13,\"value\":0.2227},{\"index\":14,\"value\":0.2227},{\"index\":15,\"value\":0.2227},{\"index\":16,\"value\":0.2227},{\"index\":17,\"value\":0.2227},{\"index\":18,\"value\":0.2227},{\"index\":19,\"value\":0.2227},{\"index\":20,\"value\":0.2227},{\"index\":21,\"value\":0.2227},{\"index\":22,\"value\":0.3835},{\"index\":23,\"value\":0.2227},{\"index\":24,\"value\":0.2227},{\"index\":25,\"value\":0.2227},{\"index\":26,\"value\":0.2227},{\"index\":27,\"value\":0.2227}],[{\"index\":1,\"value\":0.4162},{\"index\":2,\"value\":0.3644},{\"index\":3,\"value\":0.2145},{\"index\":4,\"value\":0.2265},{\"index\":5,\"value\":0.2121},{\"index\":6,\"value\":0.1977},{\"index\":7,\"value\":0.1977},{\"index\":8,\"value\":0.1977},{\"index\":9,\"value\":0.1977},{\"index\":10,\"value\":0.1977},{\"index\":11,\"value\":0.1977},{\"index\":12,\"value\":0.1977},{\"index\":13,\"value\":0.1977},{\"index\":14,\"value\":0.1977},{\"index\":15,\"value\":0.1977},{\"index\":16,\"value\":0.1977},{\"index\":17,\"value\":0.1977},{\"index\":18,\"value\":0.1977},{\"index\":19,\"value\":0.1977},{\"index\":20,\"value\":0.1977},{\"index\":21,\"value\":0.1977},{\"index\":22,\"value\":0.3585},{\"index\":23,\"value\":0.1977},{\"index\":24,\"value\":0.1977},{\"index\":25,\"value\":0.1977},{\"index\":26,\"value\":0.1977},{\"index\":27,\"value\":0.1977}],[{\"index\":1,\"value\":1.8881},{\"index\":2,\"value\":0.2658},{\"index\":3,\"value\":0.2654},{\"index\":4,\"value\":0.2774},{\"index\":5,\"value\":0.263},{\"index\":6,\"value\":0.2486},{\"index\":7,\"value\":0.2486},{\"index\":8,\"value\":0.2486},{\"index\":9,\"value\":0.2486},{\"index\":10,\"value\":0.2486},{\"index\":11,\"value\":0.2486},{\"index\":12,\"value\":0.2486},{\"index\":13,\"value\":0.2486},{\"index\":14,\"value\":0.2486},{\"index\":15,\"value\":0.2486},{\"index\":16,\"value\":0.2486},{\"index\":17,\"value\":0.2486},{\"index\":18,\"value\":0.2486},{\"index\":19,\"value\":0.2486},{\"index\":20,\"value\":0.2486},{\"index\":21,\"value\":0.2486},{\"index\":22,\"value\":0.4094},{\"index\":23,\"value\":0.2486},{\"index\":24,\"value\":0.2486},{\"index\":25,\"value\":0.2486},{\"index\":26,\"value\":0.2486},{\"index\":27,\"value\":0.2486}]]',10),(3,'[[{\"index\":1,\"value\":0.6625},{\"index\":2,\"value\":0.592},{\"index\":3,\"value\":0.5833},{\"index\":4,\"value\":0.6388},{\"index\":5,\"value\":0.6418},{\"index\":6,\"value\":0.6418},{\"index\":7,\"value\":0.6448},{\"index\":8,\"value\":0.6478},{\"index\":9,\"value\":0.6508},{\"index\":10,\"value\":0.6538},{\"index\":11,\"value\":0.6538},{\"index\":12,\"value\":0.6568},{\"index\":13,\"value\":0.6598},{\"index\":14,\"value\":0.6628},{\"index\":15,\"value\":0.6658},{\"index\":16,\"value\":0.6658},{\"index\":17,\"value\":0.6688},{\"index\":18,\"value\":0.6718},{\"index\":19,\"value\":0.6748},{\"index\":20,\"value\":0.6778},{\"index\":21,\"value\":0.6778},{\"index\":22,\"value\":0.6058},{\"index\":23,\"value\":0.6088},{\"index\":24,\"value\":0.6118},{\"index\":25,\"value\":0.6148},{\"index\":26,\"value\":0.6178},{\"index\":27,\"value\":0.6178},{\"index\":28,\"value\":0.6208},{\"index\":29,\"value\":0.6238},{\"index\":30,\"value\":0.6268},{\"index\":31,\"value\":0.6298},{\"index\":32,\"value\":0.6298},{\"index\":33,\"value\":0.6328},{\"index\":34,\"value\":0.5367},{\"index\":35,\"value\":0.5397},{\"index\":36,\"value\":0.5427},{\"index\":37,\"value\":0.5602},{\"index\":38,\"value\":0.5632},{\"index\":39,\"value\":0.5662},{\"index\":40,\"value\":0.5692},{\"index\":41,\"value\":0.5722},{\"index\":42,\"value\":0.5722},{\"index\":43,\"value\":0.581},{\"index\":44,\"value\":0.584},{\"index\":45,\"value\":0.587},{\"index\":46,\"value\":0.59},{\"index\":47,\"value\":0.59},{\"index\":48,\"value\":0.593},{\"index\":49,\"value\":0.596},{\"index\":50,\"value\":0.554},{\"index\":51,\"value\":0.557},{\"index\":52,\"value\":0.6067},{\"index\":53,\"value\":0.6855},{\"index\":54,\"value\":0.6885},{\"index\":55,\"value\":0.6885},{\"index\":56,\"value\":0.6915},{\"index\":57,\"value\":0.6945},{\"index\":58,\"value\":0.6975},{\"index\":59,\"value\":0.7005},{\"index\":60,\"value\":0.7005},{\"index\":61,\"value\":0.7035},{\"index\":62,\"value\":0.7065}],[{\"index\":1,\"value\":0.6917},{\"index\":2,\"value\":0.6348},{\"index\":3,\"value\":0.6183},{\"index\":4,\"value\":0.7185},{\"index\":5,\"value\":0.7215},{\"index\":6,\"value\":0.7215},{\"index\":7,\"value\":0.7245},{\"index\":8,\"value\":0.7275},{\"index\":9,\"value\":0.7305},{\"index\":10,\"value\":0.7335},{\"index\":11,\"value\":0.7335},{\"index\":12,\"value\":0.7365},{\"index\":13,\"value\":0.7395},{\"index\":14,\"value\":0.7425},{\"index\":15,\"value\":0.7455},{\"index\":16,\"value\":0.7455},{\"index\":17,\"value\":0.7485},{\"index\":18,\"value\":0.7515},{\"index\":19,\"value\":0.7545},{\"index\":20,\"value\":0.7575},{\"index\":21,\"value\":0.7575},{\"index\":22,\"value\":0.6855},{\"index\":23,\"value\":0.6885},{\"index\":24,\"value\":0.6915},{\"index\":25,\"value\":0.6945},{\"index\":26,\"value\":0.6975},{\"index\":27,\"value\":0.6975},{\"index\":28,\"value\":0.7005},{\"index\":29,\"value\":0.7035},{\"index\":30,\"value\":0.7065},{\"index\":31,\"value\":0.7095},{\"index\":32,\"value\":0.7095},{\"index\":33,\"value\":0.7125},{\"index\":34,\"value\":0.6378},{\"index\":35,\"value\":0.6408},{\"index\":36,\"value\":0.6438},{\"index\":37,\"value\":0.6438},{\"index\":38,\"value\":0.6468},{\"index\":39,\"value\":0.6498},{\"index\":40,\"value\":0.6528},{\"index\":41,\"value\":0.6558},{\"index\":42,\"value\":0.6558},{\"index\":43,\"value\":0.6588},{\"index\":44,\"value\":0.6618},{\"index\":45,\"value\":0.6648},{\"index\":46,\"value\":0.6678},{\"index\":47,\"value\":0.6678},{\"index\":48,\"value\":0.6708},{\"index\":49,\"value\":0.6738},{\"index\":50,\"value\":0.6318},{\"index\":51,\"value\":0.6348},{\"index\":52,\"value\":0.6767},{\"index\":53,\"value\":0.7963},{\"index\":54,\"value\":0.7993},{\"index\":55,\"value\":0.7993},{\"index\":56,\"value\":0.8023},{\"index\":57,\"value\":0.8053},{\"index\":58,\"value\":0.8083},{\"index\":59,\"value\":0.8113},{\"index\":60,\"value\":0.8113},{\"index\":61,\"value\":0.8143},{\"index\":62,\"value\":0.8173}],[{\"index\":1,\"value\":0.655},{\"index\":2,\"value\":0.607},{\"index\":3,\"value\":0.6},{\"index\":4,\"value\":0.653},{\"index\":5,\"value\":0.656},{\"index\":6,\"value\":0.656},{\"index\":7,\"value\":0.659},{\"index\":8,\"value\":0.662},{\"index\":9,\"value\":0.665},{\"index\":10,\"value\":0.668},{\"index\":11,\"value\":0.668},{\"index\":12,\"value\":0.671},{\"index\":13,\"value\":0.674},{\"index\":14,\"value\":0.677},{\"index\":15,\"value\":0.68},{\"index\":16,\"value\":0.68},{\"index\":17,\"value\":0.683},{\"index\":18,\"value\":0.686},{\"index\":19,\"value\":0.689},{\"index\":20,\"value\":0.692},{\"index\":21,\"value\":0.692},{\"index\":22,\"value\":0.62},{\"index\":23,\"value\":0.623},{\"index\":24,\"value\":0.626},{\"index\":25,\"value\":0.629},{\"index\":26,\"value\":0.632},{\"index\":27,\"value\":0.632},{\"index\":28,\"value\":0.635},{\"index\":29,\"value\":0.638},{\"index\":30,\"value\":0.641},{\"index\":31,\"value\":0.644},{\"index\":32,\"value\":0.644},{\"index\":33,\"value\":0.647},{\"index\":34,\"value\":0.525},{\"index\":35,\"value\":0.528},{\"index\":36,\"value\":0.531},{\"index\":37,\"value\":0.541},{\"index\":38,\"value\":0.544},{\"index\":39,\"value\":0.547},{\"index\":40,\"value\":0.55},{\"index\":41,\"value\":0.553},{\"index\":42,\"value\":0.553},{\"index\":43,\"value\":0.561},{\"index\":44,\"value\":0.564},{\"index\":45,\"value\":0.567},{\"index\":46,\"value\":0.57},{\"index\":47,\"value\":0.57},{\"index\":48,\"value\":0.573},{\"index\":49,\"value\":0.576},{\"index\":50,\"value\":0.534},{\"index\":51,\"value\":0.537},{\"index\":52,\"value\":0.6},{\"index\":53,\"value\":0.668},{\"index\":54,\"value\":0.671},{\"index\":55,\"value\":0.671},{\"index\":56,\"value\":0.674},{\"index\":57,\"value\":0.677},{\"index\":58,\"value\":0.68},{\"index\":59,\"value\":0.683},{\"index\":60,\"value\":0.683},{\"index\":61,\"value\":0.686},{\"index\":62,\"value\":0.689}],[{\"index\":1,\"value\":0.659},{\"index\":2,\"value\":0.599},{\"index\":3,\"value\":0.595},{\"index\":4,\"value\":0.619},{\"index\":5,\"value\":0.622},{\"index\":6,\"value\":0.622},{\"index\":7,\"value\":0.625},{\"index\":8,\"value\":0.628},{\"index\":9,\"value\":0.631},{\"index\":10,\"value\":0.634},{\"index\":11,\"value\":0.634},{\"index\":12,\"value\":0.637},{\"index\":13,\"value\":0.64},{\"index\":14,\"value\":0.643},{\"index\":15,\"value\":0.646},{\"index\":16,\"value\":0.646},{\"index\":17,\"value\":0.649},{\"index\":18,\"value\":0.652},{\"index\":19,\"value\":0.655},{\"index\":20,\"value\":0.658},{\"index\":21,\"value\":0.658},{\"index\":22,\"value\":0.586},{\"index\":23,\"value\":0.589},{\"index\":24,\"value\":0.592},{\"index\":25,\"value\":0.595},{\"index\":26,\"value\":0.598},{\"index\":27,\"value\":0.598},{\"index\":28,\"value\":0.601},{\"index\":29,\"value\":0.604},{\"index\":30,\"value\":0.607},{\"index\":31,\"value\":0.61},{\"index\":32,\"value\":0.61},{\"index\":33,\"value\":0.613},{\"index\":34,\"value\":0.504},{\"index\":35,\"value\":0.507},{\"index\":36,\"value\":0.51},{\"index\":37,\"value\":0.531},{\"index\":38,\"value\":0.534},{\"index\":39,\"value\":0.537},{\"index\":40,\"value\":0.54},{\"index\":41,\"value\":0.543},{\"index\":42,\"value\":0.543},{\"index\":43,\"value\":0.553},{\"index\":44,\"value\":0.556},{\"index\":45,\"value\":0.559},{\"index\":46,\"value\":0.562},{\"index\":47,\"value\":0.562},{\"index\":48,\"value\":0.565},{\"index\":49,\"value\":0.568},{\"index\":50,\"value\":0.526},{\"index\":51,\"value\":0.529},{\"index\":52,\"value\":0.588},{\"index\":53,\"value\":0.64},{\"index\":54,\"value\":0.643},{\"index\":55,\"value\":0.643},{\"index\":56,\"value\":0.646},{\"index\":57,\"value\":0.649},{\"index\":58,\"value\":0.652},{\"index\":59,\"value\":0.655},{\"index\":60,\"value\":0.655},{\"index\":61,\"value\":0.658},{\"index\":62,\"value\":0.661}],[{\"index\":1,\"value\":0.6657},{\"index\":2,\"value\":0.6348},{\"index\":3,\"value\":0.6313},{\"index\":4,\"value\":0.6926},{\"index\":5,\"value\":0.6956},{\"index\":6,\"value\":0.6956},{\"index\":7,\"value\":0.6986},{\"index\":8,\"value\":0.7016},{\"index\":9,\"value\":0.7046},{\"index\":10,\"value\":0.7076},{\"index\":11,\"value\":0.7076},{\"index\":12,\"value\":0.7106},{\"index\":13,\"value\":0.7136},{\"index\":14,\"value\":0.7166},{\"index\":15,\"value\":0.7196},{\"index\":16,\"value\":0.7196},{\"index\":17,\"value\":0.7226},{\"index\":18,\"value\":0.7256},{\"index\":19,\"value\":0.7286},{\"index\":20,\"value\":0.7316},{\"index\":21,\"value\":0.7316},{\"index\":22,\"value\":0.6596},{\"index\":23,\"value\":0.6626},{\"index\":24,\"value\":0.6656},{\"index\":25,\"value\":0.6686},{\"index\":26,\"value\":0.6716},{\"index\":27,\"value\":0.6716},{\"index\":28,\"value\":0.6746},{\"index\":29,\"value\":0.6776},{\"index\":30,\"value\":0.6806},{\"index\":31,\"value\":0.6836},{\"index\":32,\"value\":0.6836},{\"index\":33,\"value\":0.6866},{\"index\":34,\"value\":0.5535},{\"index\":35,\"value\":0.5565},{\"index\":36,\"value\":0.5595},{\"index\":37,\"value\":0.566},{\"index\":38,\"value\":0.569},{\"index\":39,\"value\":0.572},{\"index\":40,\"value\":0.575},{\"index\":41,\"value\":0.578},{\"index\":42,\"value\":0.578},{\"index\":43,\"value\":0.581},{\"index\":44,\"value\":0.584},{\"index\":45,\"value\":0.587},{\"index\":46,\"value\":0.59},{\"index\":47,\"value\":0.59},{\"index\":48,\"value\":0.593},{\"index\":49,\"value\":0.596},{\"index\":50,\"value\":0.554},{\"index\":51,\"value\":0.557},{\"index\":52,\"value\":0.6248},{\"index\":53,\"value\":0.7056},{\"index\":54,\"value\":0.7086},{\"index\":55,\"value\":0.7086},{\"index\":56,\"value\":0.7116},{\"index\":57,\"value\":0.7146},{\"index\":58,\"value\":0.7176},{\"index\":59,\"value\":0.7206},{\"index\":60,\"value\":0.7206},{\"index\":61,\"value\":0.7236},{\"index\":62,\"value\":0.7266}],[{\"index\":1,\"value\":0.645},{\"index\":2,\"value\":0.5803},{\"index\":3,\"value\":0.56},{\"index\":4,\"value\":0.5863},{\"index\":5,\"value\":0.5893},{\"index\":6,\"value\":0.5893},{\"index\":7,\"value\":0.5923},{\"index\":8,\"value\":0.5953},{\"index\":9,\"value\":0.5983},{\"index\":10,\"value\":0.6013},{\"index\":11,\"value\":0.6013},{\"index\":12,\"value\":0.6043},{\"index\":13,\"value\":0.6073},{\"index\":14,\"value\":0.6103},{\"index\":15,\"value\":0.6133},{\"index\":16,\"value\":0.6133},{\"index\":17,\"value\":0.6163},{\"index\":18,\"value\":0.6193},{\"index\":19,\"value\":0.6223},{\"index\":20,\"value\":0.6253},{\"index\":21,\"value\":0.6253},{\"index\":22,\"value\":0.5533},{\"index\":23,\"value\":0.5563},{\"index\":24,\"value\":0.5593},{\"index\":25,\"value\":0.5623},{\"index\":26,\"value\":0.5653},{\"index\":27,\"value\":0.5653},{\"index\":28,\"value\":0.5683},{\"index\":29,\"value\":0.5713},{\"index\":30,\"value\":0.5743},{\"index\":31,\"value\":0.5773},{\"index\":32,\"value\":0.5773},{\"index\":33,\"value\":0.5803},{\"index\":34,\"value\":0.49},{\"index\":35,\"value\":0.493},{\"index\":36,\"value\":0.496},{\"index\":37,\"value\":0.5193},{\"index\":38,\"value\":0.5223},{\"index\":39,\"value\":0.5253},{\"index\":40,\"value\":0.5283},{\"index\":41,\"value\":0.5313},{\"index\":42,\"value\":0.5313},{\"index\":43,\"value\":0.546},{\"index\":44,\"value\":0.549},{\"index\":45,\"value\":0.552},{\"index\":46,\"value\":0.555},{\"index\":47,\"value\":0.555},{\"index\":48,\"value\":0.558},{\"index\":49,\"value\":0.561},{\"index\":50,\"value\":0.519},{\"index\":51,\"value\":0.522},{\"index\":52,\"value\":0.5717},{\"index\":53,\"value\":0.6213},{\"index\":54,\"value\":0.6243},{\"index\":55,\"value\":0.6243},{\"index\":56,\"value\":0.6273},{\"index\":57,\"value\":0.6303},{\"index\":58,\"value\":0.6333},{\"index\":59,\"value\":0.6363},{\"index\":60,\"value\":0.6363},{\"index\":61,\"value\":0.6393},{\"index\":62,\"value\":0.6423}]]',14),(4,'[[{\"index\":1,\"value\":0.618},{\"index\":2,\"value\":0.618},{\"index\":3,\"value\":0.618},{\"index\":4,\"value\":0.618},{\"index\":5,\"value\":0.618},{\"index\":6,\"value\":0.618},{\"index\":7,\"value\":0.618},{\"index\":8,\"value\":0.618},{\"index\":9,\"value\":0.618},{\"index\":10,\"value\":0.618},{\"index\":11,\"value\":0.618},{\"index\":12,\"value\":0.618},{\"index\":13,\"value\":0.618},{\"index\":14,\"value\":0.618},{\"index\":15,\"value\":0.618},{\"index\":16,\"value\":0.618},{\"index\":17,\"value\":0.618},{\"index\":18,\"value\":0.618},{\"index\":19,\"value\":0.618},{\"index\":20,\"value\":0.618},{\"index\":21,\"value\":0.618},{\"index\":22,\"value\":0.618},{\"index\":23,\"value\":0.618},{\"index\":24,\"value\":0.618},{\"index\":25,\"value\":0.618},{\"index\":26,\"value\":0.618},{\"index\":27,\"value\":0.618},{\"index\":28,\"value\":0.618},{\"index\":29,\"value\":0.618},{\"index\":30,\"value\":0.618},{\"index\":31,\"value\":0.618},{\"index\":32,\"value\":0.618},{\"index\":33,\"value\":0.618},{\"index\":34,\"value\":0.618},{\"index\":35,\"value\":0.618},{\"index\":36,\"value\":0.618},{\"index\":37,\"value\":0.618},{\"index\":38,\"value\":0.618},{\"index\":39,\"value\":0.618},{\"index\":40,\"value\":0.618},{\"index\":41,\"value\":0.618},{\"index\":42,\"value\":0.618},{\"index\":43,\"value\":0.618},{\"index\":44,\"value\":0.618},{\"index\":45,\"value\":0.618},{\"index\":46,\"value\":0.618},{\"index\":47,\"value\":0.618},{\"index\":48,\"value\":0.618},{\"index\":49,\"value\":0.618},{\"index\":50,\"value\":0.538},{\"index\":51,\"value\":0.618},{\"index\":52,\"value\":0.618},{\"index\":53,\"value\":0.618},{\"index\":54,\"value\":0.618},{\"index\":55,\"value\":0.618},{\"index\":56,\"value\":0.618},{\"index\":57,\"value\":0.618},{\"index\":58,\"value\":0.618},{\"index\":59,\"value\":0.618},{\"index\":60,\"value\":0.618},{\"index\":61,\"value\":0.618},{\"index\":62,\"value\":0.618},{\"index\":63,\"value\":0.618},{\"index\":64,\"value\":0.618},{\"index\":65,\"value\":0.618},{\"index\":66,\"value\":0.618},{\"index\":67,\"value\":0.618},{\"index\":68,\"value\":0.618},{\"index\":69,\"value\":0.618},{\"index\":70,\"value\":0.618},{\"index\":71,\"value\":0.618},{\"index\":72,\"value\":0.618},{\"index\":73,\"value\":0.618},{\"index\":74,\"value\":0.618},{\"index\":75,\"value\":0.618},{\"index\":76,\"value\":0.618},{\"index\":77,\"value\":0.618},{\"index\":78,\"value\":0.618},{\"index\":79,\"value\":0.618},{\"index\":80,\"value\":0.618},{\"index\":81,\"value\":0.618},{\"index\":82,\"value\":0.618},{\"index\":83,\"value\":0.618},{\"index\":84,\"value\":0.618},{\"index\":85,\"value\":0.618},{\"index\":86,\"value\":0.618},{\"index\":87,\"value\":0.618},{\"index\":88,\"value\":0.618},{\"index\":89,\"value\":0.618},{\"index\":90,\"value\":0.618},{\"index\":91,\"value\":0.618},{\"index\":92,\"value\":0.618},{\"index\":93,\"value\":0.618},{\"index\":94,\"value\":0.618},{\"index\":95,\"value\":0.618},{\"index\":96,\"value\":0.618},{\"index\":97,\"value\":0.618},{\"index\":98,\"value\":0.618},{\"index\":99,\"value\":0.618},{\"index\":100,\"value\":0.618},{\"index\":101,\"value\":0.618},{\"index\":102,\"value\":0.618},{\"index\":103,\"value\":0.618},{\"index\":104,\"value\":0.618},{\"index\":105,\"value\":0.618},{\"index\":106,\"value\":0.618},{\"index\":107,\"value\":0.618},{\"index\":108,\"value\":0.618},{\"index\":109,\"value\":0.618},{\"index\":110,\"value\":0.618},{\"index\":111,\"value\":0.618},{\"index\":112,\"value\":0.618},{\"index\":113,\"value\":0.618},{\"index\":114,\"value\":0.618},{\"index\":115,\"value\":0.618},{\"index\":116,\"value\":0.618},{\"index\":117,\"value\":0.618},{\"index\":118,\"value\":0.618},{\"index\":119,\"value\":0.618},{\"index\":120,\"value\":0.618},{\"index\":121,\"value\":0.618},{\"index\":122,\"value\":0.618},{\"index\":123,\"value\":0.618},{\"index\":124,\"value\":0.618},{\"index\":125,\"value\":0.618},{\"index\":126,\"value\":0.618},{\"index\":127,\"value\":0.618},{\"index\":128,\"value\":0.618},{\"index\":129,\"value\":0.618},{\"index\":130,\"value\":0.618},{\"index\":131,\"value\":0.618},{\"index\":132,\"value\":0.618},{\"index\":133,\"value\":0.618},{\"index\":134,\"value\":0.618},{\"index\":135,\"value\":0.618},{\"index\":136,\"value\":0.618},{\"index\":137,\"value\":0.618},{\"index\":138,\"value\":0.618},{\"index\":139,\"value\":0.618},{\"index\":140,\"value\":0.618},{\"index\":141,\"value\":0.618},{\"index\":142,\"value\":0.618},{\"index\":143,\"value\":0.618},{\"index\":144,\"value\":0.618},{\"index\":145,\"value\":0.618},{\"index\":146,\"value\":0.618},{\"index\":147,\"value\":0.618},{\"index\":148,\"value\":0.618},{\"index\":149,\"value\":0.618},{\"index\":150,\"value\":0.618},{\"index\":151,\"value\":0.618},{\"index\":152,\"value\":0.618},{\"index\":153,\"value\":0.618},{\"index\":154,\"value\":0.618},{\"index\":155,\"value\":0.618},{\"index\":156,\"value\":0.618},{\"index\":157,\"value\":0.618},{\"index\":158,\"value\":0.618},{\"index\":159,\"value\":0.618},{\"index\":160,\"value\":0.618},{\"index\":161,\"value\":0.618}],[{\"index\":1,\"value\":0.81},{\"index\":2,\"value\":0.81},{\"index\":3,\"value\":0.81},{\"index\":4,\"value\":0.81},{\"index\":5,\"value\":0.81},{\"index\":6,\"value\":0.81},{\"index\":7,\"value\":0.81},{\"index\":8,\"value\":0.81},{\"index\":9,\"value\":0.81},{\"index\":10,\"value\":0.81},{\"index\":11,\"value\":0.81},{\"index\":12,\"value\":0.81},{\"index\":13,\"value\":0.81},{\"index\":14,\"value\":0.81},{\"index\":15,\"value\":0.81},{\"index\":16,\"value\":0.81},{\"index\":17,\"value\":0.81},{\"index\":18,\"value\":0.81},{\"index\":19,\"value\":0.81},{\"index\":20,\"value\":0.81},{\"index\":21,\"value\":0.81},{\"index\":22,\"value\":0.81},{\"index\":23,\"value\":0.81},{\"index\":24,\"value\":0.81},{\"index\":25,\"value\":0.81},{\"index\":26,\"value\":0.81},{\"index\":27,\"value\":0.81},{\"index\":28,\"value\":0.81},{\"index\":29,\"value\":0.81},{\"index\":30,\"value\":0.81},{\"index\":31,\"value\":0.81},{\"index\":32,\"value\":0.81},{\"index\":33,\"value\":0.81},{\"index\":34,\"value\":0.81},{\"index\":35,\"value\":0.81},{\"index\":36,\"value\":0.81},{\"index\":37,\"value\":0.81},{\"index\":38,\"value\":0.81},{\"index\":39,\"value\":0.81},{\"index\":40,\"value\":0.81},{\"index\":41,\"value\":0.81},{\"index\":42,\"value\":0.81},{\"index\":43,\"value\":0.81},{\"index\":44,\"value\":0.81},{\"index\":45,\"value\":0.81},{\"index\":46,\"value\":0.81},{\"index\":47,\"value\":0.81},{\"index\":48,\"value\":0.81},{\"index\":49,\"value\":0.81},{\"index\":50,\"value\":0.81},{\"index\":51,\"value\":0.81},{\"index\":52,\"value\":0.81},{\"index\":53,\"value\":0.81},{\"index\":54,\"value\":0.81},{\"index\":55,\"value\":0.81},{\"index\":56,\"value\":0.81},{\"index\":57,\"value\":0.81},{\"index\":58,\"value\":0.81},{\"index\":59,\"value\":0.81},{\"index\":60,\"value\":0.81},{\"index\":61,\"value\":0.81},{\"index\":62,\"value\":0.81},{\"index\":63,\"value\":0.81},{\"index\":64,\"value\":0.81},{\"index\":65,\"value\":0.81},{\"index\":66,\"value\":0.81},{\"index\":67,\"value\":0.81},{\"index\":68,\"value\":0.81},{\"index\":69,\"value\":0.81},{\"index\":70,\"value\":0.81},{\"index\":71,\"value\":0.81},{\"index\":72,\"value\":0.81},{\"index\":73,\"value\":0.81},{\"index\":74,\"value\":0.81},{\"index\":75,\"value\":0.81},{\"index\":76,\"value\":0.81},{\"index\":77,\"value\":0.81},{\"index\":78,\"value\":0.81},{\"index\":79,\"value\":0.81},{\"index\":80,\"value\":0.81},{\"index\":81,\"value\":0.81},{\"index\":82,\"value\":0.81},{\"index\":83,\"value\":0.81},{\"index\":84,\"value\":0.81},{\"index\":85,\"value\":0.81},{\"index\":86,\"value\":0.81},{\"index\":87,\"value\":0.81},{\"index\":88,\"value\":0.81},{\"index\":89,\"value\":0.81},{\"index\":90,\"value\":0.81},{\"index\":91,\"value\":0.81},{\"index\":92,\"value\":0.81},{\"index\":93,\"value\":0.81},{\"index\":94,\"value\":0.81},{\"index\":95,\"value\":0.81},{\"index\":96,\"value\":0.81},{\"index\":97,\"value\":0.81},{\"index\":98,\"value\":0.81},{\"index\":99,\"value\":0.81},{\"index\":100,\"value\":0.81},{\"index\":101,\"value\":0.81},{\"index\":102,\"value\":0.81},{\"index\":103,\"value\":0.81},{\"index\":104,\"value\":0.81},{\"index\":105,\"value\":0.81},{\"index\":106,\"value\":0.81},{\"index\":107,\"value\":0.81},{\"index\":108,\"value\":0.81},{\"index\":109,\"value\":0.81},{\"index\":110,\"value\":0.81},{\"index\":111,\"value\":0.81},{\"index\":112,\"value\":0.81},{\"index\":113,\"value\":0.81},{\"index\":114,\"value\":0.81},{\"index\":115,\"value\":0.81},{\"index\":116,\"value\":0.81},{\"index\":117,\"value\":0.81},{\"index\":118,\"value\":0.81},{\"index\":119,\"value\":0.81},{\"index\":120,\"value\":0.81},{\"index\":121,\"value\":0.81},{\"index\":122,\"value\":0.81},{\"index\":123,\"value\":0.81},{\"index\":124,\"value\":0.81},{\"index\":125,\"value\":0.81},{\"index\":126,\"value\":0.81},{\"index\":127,\"value\":0.81},{\"index\":128,\"value\":0.81},{\"index\":129,\"value\":0.81},{\"index\":130,\"value\":0.81},{\"index\":131,\"value\":0.81},{\"index\":132,\"value\":0.81},{\"index\":133,\"value\":0.81},{\"index\":134,\"value\":0.81},{\"index\":135,\"value\":0.81},{\"index\":136,\"value\":0.81},{\"index\":137,\"value\":0.81},{\"index\":138,\"value\":0.81},{\"index\":139,\"value\":0.81},{\"index\":140,\"value\":0.81},{\"index\":141,\"value\":0.81},{\"index\":142,\"value\":0.81},{\"index\":143,\"value\":0.81},{\"index\":144,\"value\":0.81},{\"index\":145,\"value\":0.81},{\"index\":146,\"value\":0.81},{\"index\":147,\"value\":0.81},{\"index\":148,\"value\":0.81},{\"index\":149,\"value\":0.81},{\"index\":150,\"value\":0.81},{\"index\":151,\"value\":0.81},{\"index\":152,\"value\":0.81},{\"index\":153,\"value\":0.81},{\"index\":154,\"value\":0.81},{\"index\":155,\"value\":0.81},{\"index\":156,\"value\":0.81},{\"index\":157,\"value\":0.81},{\"index\":158,\"value\":0.81},{\"index\":159,\"value\":0.81},{\"index\":160,\"value\":0.81},{\"index\":161,\"value\":0.81}],[{\"index\":1,\"value\":0.618},{\"index\":2,\"value\":0.618},{\"index\":3,\"value\":0.618},{\"index\":4,\"value\":0.618},{\"index\":5,\"value\":0.618},{\"index\":6,\"value\":0.618},{\"index\":7,\"value\":0.618},{\"index\":8,\"value\":0.618},{\"index\":9,\"value\":0.618},{\"index\":10,\"value\":0.618},{\"index\":11,\"value\":0.618},{\"index\":12,\"value\":0.618},{\"index\":13,\"value\":0.618},{\"index\":14,\"value\":0.618},{\"index\":15,\"value\":0.618},{\"index\":16,\"value\":0.618},{\"index\":17,\"value\":0.618},{\"index\":18,\"value\":0.618},{\"index\":19,\"value\":0.618},{\"index\":20,\"value\":0.618},{\"index\":21,\"value\":0.618},{\"index\":22,\"value\":0.618},{\"index\":23,\"value\":0.618},{\"index\":24,\"value\":0.618},{\"index\":25,\"value\":0.618},{\"index\":26,\"value\":0.618},{\"index\":27,\"value\":0.618},{\"index\":28,\"value\":0.618},{\"index\":29,\"value\":0.618},{\"index\":30,\"value\":0.618},{\"index\":31,\"value\":0.618},{\"index\":32,\"value\":0.618},{\"index\":33,\"value\":0.618},{\"index\":34,\"value\":0.618},{\"index\":35,\"value\":0.618},{\"index\":36,\"value\":0.618},{\"index\":37,\"value\":0.618},{\"index\":38,\"value\":0.618},{\"index\":39,\"value\":0.618},{\"index\":40,\"value\":0.618},{\"index\":41,\"value\":0.618},{\"index\":42,\"value\":0.618},{\"index\":43,\"value\":0.618},{\"index\":44,\"value\":0.618},{\"index\":45,\"value\":0.618},{\"index\":46,\"value\":0.618},{\"index\":47,\"value\":0.618},{\"index\":48,\"value\":0.618},{\"index\":49,\"value\":0.618},{\"index\":50,\"value\":0.538},{\"index\":51,\"value\":0.618},{\"index\":52,\"value\":0.618},{\"index\":53,\"value\":0.618},{\"index\":54,\"value\":0.618},{\"index\":55,\"value\":0.618},{\"index\":56,\"value\":0.618},{\"index\":57,\"value\":0.618},{\"index\":58,\"value\":0.618},{\"index\":59,\"value\":0.618},{\"index\":60,\"value\":0.618},{\"index\":61,\"value\":0.618},{\"index\":62,\"value\":0.618},{\"index\":63,\"value\":0.618},{\"index\":64,\"value\":0.618},{\"index\":65,\"value\":0.618},{\"index\":66,\"value\":0.618},{\"index\":67,\"value\":0.618},{\"index\":68,\"value\":0.618},{\"index\":69,\"value\":0.618},{\"index\":70,\"value\":0.618},{\"index\":71,\"value\":0.618},{\"index\":72,\"value\":0.618},{\"index\":73,\"value\":0.618},{\"index\":74,\"value\":0.618},{\"index\":75,\"value\":0.618},{\"index\":76,\"value\":0.618},{\"index\":77,\"value\":0.618},{\"index\":78,\"value\":0.618},{\"index\":79,\"value\":0.618},{\"index\":80,\"value\":0.618},{\"index\":81,\"value\":0.618},{\"index\":82,\"value\":0.618},{\"index\":83,\"value\":0.618},{\"index\":84,\"value\":0.618},{\"index\":85,\"value\":0.618},{\"index\":86,\"value\":0.618},{\"index\":87,\"value\":0.618},{\"index\":88,\"value\":0.618},{\"index\":89,\"value\":0.618},{\"index\":90,\"value\":0.618},{\"index\":91,\"value\":0.618},{\"index\":92,\"value\":0.618},{\"index\":93,\"value\":0.618},{\"index\":94,\"value\":0.618},{\"index\":95,\"value\":0.618},{\"index\":96,\"value\":0.618},{\"index\":97,\"value\":0.618},{\"index\":98,\"value\":0.618},{\"index\":99,\"value\":0.618},{\"index\":100,\"value\":0.618},{\"index\":101,\"value\":0.618},{\"index\":102,\"value\":0.618},{\"index\":103,\"value\":0.618},{\"index\":104,\"value\":0.618},{\"index\":105,\"value\":0.618},{\"index\":106,\"value\":0.618},{\"index\":107,\"value\":0.618},{\"index\":108,\"value\":0.618},{\"index\":109,\"value\":0.618},{\"index\":110,\"value\":0.618},{\"index\":111,\"value\":0.618},{\"index\":112,\"value\":0.618},{\"index\":113,\"value\":0.618},{\"index\":114,\"value\":0.618},{\"index\":115,\"value\":0.618},{\"index\":116,\"value\":0.618},{\"index\":117,\"value\":0.618},{\"index\":118,\"value\":0.618},{\"index\":119,\"value\":0.618},{\"index\":120,\"value\":0.618},{\"index\":121,\"value\":0.618},{\"index\":122,\"value\":0.618},{\"index\":123,\"value\":0.618},{\"index\":124,\"value\":0.618},{\"index\":125,\"value\":0.618},{\"index\":126,\"value\":0.618},{\"index\":127,\"value\":0.618},{\"index\":128,\"value\":0.618},{\"index\":129,\"value\":0.618},{\"index\":130,\"value\":0.618},{\"index\":131,\"value\":0.618},{\"index\":132,\"value\":0.618},{\"index\":133,\"value\":0.618},{\"index\":134,\"value\":0.618},{\"index\":135,\"value\":0.618},{\"index\":136,\"value\":0.618},{\"index\":137,\"value\":0.618},{\"index\":138,\"value\":0.618},{\"index\":139,\"value\":0.618},{\"index\":140,\"value\":0.618},{\"index\":141,\"value\":0.618},{\"index\":142,\"value\":0.618},{\"index\":143,\"value\":0.618},{\"index\":144,\"value\":0.618},{\"index\":145,\"value\":0.618},{\"index\":146,\"value\":0.618},{\"index\":147,\"value\":0.618},{\"index\":148,\"value\":0.618},{\"index\":149,\"value\":0.618},{\"index\":150,\"value\":0.618},{\"index\":151,\"value\":0.618},{\"index\":152,\"value\":0.618},{\"index\":153,\"value\":0.618},{\"index\":154,\"value\":0.618},{\"index\":155,\"value\":0.618},{\"index\":156,\"value\":0.618},{\"index\":157,\"value\":0.618},{\"index\":158,\"value\":0.618},{\"index\":159,\"value\":0.618},{\"index\":160,\"value\":0.618},{\"index\":161,\"value\":0.618}],[{\"index\":1,\"value\":0.3166},{\"index\":2,\"value\":0.3166},{\"index\":3,\"value\":0.3166},{\"index\":4,\"value\":0.3166},{\"index\":5,\"value\":0.3166},{\"index\":6,\"value\":0.3166},{\"index\":7,\"value\":0.3166},{\"index\":8,\"value\":0.3166},{\"index\":9,\"value\":0.3166},{\"index\":10,\"value\":0.3166},{\"index\":11,\"value\":0.3166},{\"index\":12,\"value\":0.3166},{\"index\":13,\"value\":0.3166},{\"index\":14,\"value\":0.3166},{\"index\":15,\"value\":0.3166},{\"index\":16,\"value\":0.3166},{\"index\":17,\"value\":0.3166},{\"index\":18,\"value\":0.3166},{\"index\":19,\"value\":0.3166},{\"index\":20,\"value\":0.3166},{\"index\":21,\"value\":0.3166},{\"index\":22,\"value\":0.3166},{\"index\":23,\"value\":0.3166},{\"index\":24,\"value\":0.3166},{\"index\":25,\"value\":0.3166},{\"index\":26,\"value\":0.3166},{\"index\":27,\"value\":0.3166},{\"index\":28,\"value\":0.3166},{\"index\":29,\"value\":0.3166},{\"index\":30,\"value\":0.3166},{\"index\":31,\"value\":0.3166},{\"index\":32,\"value\":0.3166},{\"index\":33,\"value\":0.3166},{\"index\":34,\"value\":0.3166},{\"index\":35,\"value\":0.3166},{\"index\":36,\"value\":0.3166},{\"index\":37,\"value\":0.3166},{\"index\":38,\"value\":0.3166},{\"index\":39,\"value\":0.3166},{\"index\":40,\"value\":0.3166},{\"index\":41,\"value\":0.3166},{\"index\":42,\"value\":0.3166},{\"index\":43,\"value\":0.3166},{\"index\":44,\"value\":0.3166},{\"index\":45,\"value\":0.3166},{\"index\":46,\"value\":0.3166},{\"index\":47,\"value\":0.3166},{\"index\":48,\"value\":0.3166},{\"index\":49,\"value\":0.3166},{\"index\":50,\"value\":0.2278},{\"index\":51,\"value\":0.3166},{\"index\":52,\"value\":0.3166},{\"index\":53,\"value\":0.3166},{\"index\":54,\"value\":0.3166},{\"index\":55,\"value\":0.3166},{\"index\":56,\"value\":0.3166},{\"index\":57,\"value\":0.3166},{\"index\":58,\"value\":0.3166},{\"index\":59,\"value\":0.3166},{\"index\":60,\"value\":0.3166},{\"index\":61,\"value\":0.3166},{\"index\":62,\"value\":0.3166},{\"index\":63,\"value\":0.3166},{\"index\":64,\"value\":0.3166},{\"index\":65,\"value\":0.3166},{\"index\":66,\"value\":0.3166},{\"index\":67,\"value\":0.3166},{\"index\":68,\"value\":0.3166},{\"index\":69,\"value\":0.3166},{\"index\":70,\"value\":0.3166},{\"index\":71,\"value\":0.3166},{\"index\":72,\"value\":0.3166},{\"index\":73,\"value\":0.3166},{\"index\":74,\"value\":0.3166},{\"index\":75,\"value\":0.3166},{\"index\":76,\"value\":0.3166},{\"index\":77,\"value\":0.3166},{\"index\":78,\"value\":0.3166},{\"index\":79,\"value\":0.3166},{\"index\":80,\"value\":0.3166},{\"index\":81,\"value\":0.3166},{\"index\":82,\"value\":0.3166},{\"index\":83,\"value\":0.3166},{\"index\":84,\"value\":0.3166},{\"index\":85,\"value\":0.3166},{\"index\":86,\"value\":0.3166},{\"index\":87,\"value\":0.3166},{\"index\":88,\"value\":0.3166},{\"index\":89,\"value\":0.3166},{\"index\":90,\"value\":0.3166},{\"index\":91,\"value\":0.3166},{\"index\":92,\"value\":0.3166},{\"index\":93,\"value\":0.3166},{\"index\":94,\"value\":0.3166},{\"index\":95,\"value\":0.3166},{\"index\":96,\"value\":0.3166},{\"index\":97,\"value\":0.3166},{\"index\":98,\"value\":0.3166},{\"index\":99,\"value\":0.3166},{\"index\":100,\"value\":0.3166},{\"index\":101,\"value\":0.3166},{\"index\":102,\"value\":0.3166},{\"index\":103,\"value\":0.3166},{\"index\":104,\"value\":0.3166},{\"index\":105,\"value\":0.3166},{\"index\":106,\"value\":0.3166},{\"index\":107,\"value\":0.3166},{\"index\":108,\"value\":0.3166},{\"index\":109,\"value\":0.3166},{\"index\":110,\"value\":0.3166},{\"index\":111,\"value\":0.3166},{\"index\":112,\"value\":0.3166},{\"index\":113,\"value\":0.3166},{\"index\":114,\"value\":0.3166},{\"index\":115,\"value\":0.3166},{\"index\":116,\"value\":0.3166},{\"index\":117,\"value\":0.3166},{\"index\":118,\"value\":0.3166},{\"index\":119,\"value\":0.3166},{\"index\":120,\"value\":0.3166},{\"index\":121,\"value\":0.3166},{\"index\":122,\"value\":0.3166},{\"index\":123,\"value\":0.3166},{\"index\":124,\"value\":0.3166},{\"index\":125,\"value\":0.3166},{\"index\":126,\"value\":0.3166},{\"index\":127,\"value\":0.3166},{\"index\":128,\"value\":0.3166},{\"index\":129,\"value\":0.3166},{\"index\":130,\"value\":0.3166},{\"index\":131,\"value\":0.3166},{\"index\":132,\"value\":0.3166},{\"index\":133,\"value\":0.3166},{\"index\":134,\"value\":0.3166},{\"index\":135,\"value\":0.3166},{\"index\":136,\"value\":0.3166},{\"index\":137,\"value\":0.3166},{\"index\":138,\"value\":0.3166},{\"index\":139,\"value\":0.3166},{\"index\":140,\"value\":0.3166},{\"index\":141,\"value\":0.3166},{\"index\":142,\"value\":0.3166},{\"index\":143,\"value\":0.3166},{\"index\":144,\"value\":0.3166},{\"index\":145,\"value\":0.3166},{\"index\":146,\"value\":0.3166},{\"index\":147,\"value\":0.3166},{\"index\":148,\"value\":0.3166},{\"index\":149,\"value\":0.3166},{\"index\":150,\"value\":0.3166},{\"index\":151,\"value\":0.3166},{\"index\":152,\"value\":0.3166},{\"index\":153,\"value\":0.3166},{\"index\":154,\"value\":0.3166},{\"index\":155,\"value\":0.3166},{\"index\":156,\"value\":0.3166},{\"index\":157,\"value\":0.3166},{\"index\":158,\"value\":0.3166},{\"index\":159,\"value\":0.3166},{\"index\":160,\"value\":0.3166},{\"index\":161,\"value\":0.3166}]]',51);
/*!40000 ALTER TABLE `course_achievement_analyse` ENABLE KEYS */;
UNLOCK TABLES;

--
-- Table structure for table `course_attainment_survey`
--

DROP TABLE IF EXISTS `course_attainment_survey`;
/*!40101 SET @saved_cs_client     = @@character_set_client */;
/*!40101 SET character_set_client = utf8 */;
CREATE TABLE `course_attainment_survey` (
  `student_number` varchar(20) NOT NULL,
  `student_id` int(11) NOT NULL,
  `course_id` int(11) DEFAULT NULL,
  `course_target_id` int(11) NOT NULL,
  `attainment` int(2) DEFAULT '0',
  PRIMARY KEY (`course_target_id`,`student_number`) USING BTREE,
  KEY `student_info_id` (`student_id`),
  CONSTRAINT `course_target_id_fk` FOREIGN KEY (`course_target_id`) REFERENCES `course_target` (`id`) ON DELETE CASCADE ON UPDATE CASCADE,
  CONSTRAINT `student_info_id` FOREIGN KEY (`student_id`) REFERENCES `student_information` (`id`) ON DELETE CASCADE ON UPDATE CASCADE
) ENGINE=InnoDB DEFAULT CHARSET=utf8;
/*!40101 SET character_set_client = @saved_cs_client */;

--
-- Dumping data for table `course_attainment_survey`
--

LOCK TABLES `course_attainment_survey` WRITE;
/*!40000 ALTER TABLE `course_attainment_survey` DISABLE KEYS */;
INSERT INTO `course_attainment_survey` VALUES ('20201151002',152,10,11,0),('20201151002',152,10,12,0),('20201151002',152,10,13,0),('20201151034',281,12,15,0),('20201151034',281,12,16,0),('20201151034',281,12,17,0),('20201151034',281,12,18,0),('20201151034',281,12,19,0);
/*!40000 ALTER TABLE `course_attainment_survey` ENABLE KEYS */;
UNLOCK TABLES;

--
-- Table structure for table `course_basic_information`
--

DROP TABLE IF EXISTS `course_basic_information`;
/*!40101 SET @saved_cs_client     = @@character_set_client */;
/*!40101 SET character_set_client = utf8 */;
CREATE TABLE `course_basic_information` (
  `id` int(11) NOT NULL AUTO_INCREMENT,
  `course_name` varchar(30) NOT NULL,
  `major` varchar(20) NOT NULL DEFAULT 'undefine',
  `course_code` varchar(11) DEFAULT '00000000',
  `teacher_id` int(11) DEFAULT '1',
  `classroom_teacher` varchar(10) NOT NULL,
  `theoretical_hours` int(3) NOT NULL,
  `lab_hours` int(3) NOT NULL,
  `class_name` varchar(30) NOT NULL,
  `term_start` varchar(4) DEFAULT NULL,
  `term_end` varchar(4) DEFAULT NULL,
  `term` int(1) DEFAULT '1',
  `text_book` text,
  `students_num` int(3) NOT NULL,
  `course_nature` varchar(30) NOT NULL,
  `course_type` varchar(30) NOT NULL,
  `course_target_num` int(3) NOT NULL,
  `indicator_points_num` int(3) NOT NULL,
  `indicator_points` varchar(100) NOT NULL,
  PRIMARY KEY (`id`),
  KEY `课程基本信息表与用户表id关联` (`teacher_id`),
  CONSTRAINT `课程基本信息表与用户表id关联` FOREIGN KEY (`teacher_id`) REFERENCES `user` (`id`) ON DELETE CASCADE ON UPDATE CASCADE
) ENGINE=InnoDB AUTO_INCREMENT=217 DEFAULT CHARSET=utf8;
/*!40101 SET character_set_client = @saved_cs_client */;

--
-- Dumping data for table `course_basic_information`
--

LOCK TABLES `course_basic_information` WRITE;
/*!40000 ALTER TABLE `course_basic_information` DISABLE KEYS */;
INSERT INTO `course_basic_information` VALUES (1,'高数(必修)','undefine','00000000',1,'阳老师',16,4,'计算机科学与技术2020','2020','2021',1,NULL,80,'必修','专业必修课',5,2,'[\"指标点1.1\",\"指标点1.2\"]'),(2,'线性代数','undefine','00000000',1,'王老师',16,4,'计算机科学与技术2020','2020','2021',1,NULL,80,'必修','专业必修课',5,3,'[\"指标点1.1\",\"指标点1.2\",\"指标点5.2\"]'),(4,'概率论','undefine','00000000',1,'阳老师1222',16123,41231,'计算机科学与技术2022','2020','2021',1,NULL,80111,'必修','专业必修课',5,2,'[\"指标点1.1\",\"指标点1.2\",\"指标点5.2\",\"指标点2.1\"]'),(6,'c语言程序设计','undefine','00000000',1,'阳老师',16,4,'计算机科学与技术2020','2020','2021',1,NULL,80,'必修','专业必修课',5,2,'[\"指标点1.1\",\"指标点1.2\",\"指标点5.2\",\"指标点2.1\"]'),(7,'JAVA程序设计','undefine','00000000',1,'阳老师',1231,132,'计算,机科学与技术2020','2020','2021',1,NULL,123,'必修','专业必修课',5,1231,'[\"1.1\",\"1.3\",\"2.1\",\"2.2\",\"1.4\",\"1.2\"]'),(8,'高数','undefine','00000000',3,'admin2',12,12,'计算机科学与技术2020','2020','2021',1,NULL,122,'必修','公共必修',4,1,'[\"指标点1.1\",\"指标点1.2\",\"指标点5.2\",\"指标点2.1\"]'),(10,'编译原理','计算机科学与技术','00000000',1,'admin',48,23,'2020计算机科学与技术','2023','2024',2,'《信号与线性系统分析》（第 5 版）[M]. 吴大正：高等教育出版社, 2019.',55,'必修','5636',1,2,'[\"1.1\",\"2.1\"]'),(11,'这是一条很长的测试数据','undefine','00000000',1,'admin',1223,213,'123123','2021','2022',1,NULL,123,'必修','专业基础课',5,17,'[\"2.2\",\"1.1\",\"1.2\",\"1.4\",\"2.1\",\"1.3\",\"3.4\",\"4.1\",\"4.3\",\"4.4\",\"4.2\"]'),(12,'信号与系统','电子信息工程','00000000',113,'鲁莹',64,0,'电子信息工程2020','2021','2022',2,'《信号与线性系统分析》（第 5 版）[M]. 吴大正：高等教育出版社, 2019.',70,'必修','专业基础课',5,3,'[\"1.1\",\"1.2\",\"1.3\"]'),(14,'C语言程序设计','电子信息工程','00000000',113,'鲁莹',42,14,'计算机科学与技术','2020','2021',1,'<<C语言程序设计.刘成明.2001>>',80,'必修','专业基础课',6,6,'[\"1.1\",\"1.2\",\"1.3\",\"1.4\",\"2.1\",\"2.2\"]'),(48,'通信原理','电子信息工程','50001875',113,'鲁莹',48,16,'电子信息工程2020','2022','2023',0,'test',76,'必修','专业核心课',5,3,'[\"1.1\",\"1.3\",\"1.4\"]'),(51,'集成电路原理与设计','电子信息工程','52000253',113,'鲁莹',32,16,'电子信息工程2020','2022','2023',2,'发',56,'选修','专业特色课',4,5,'[\"1.4\",\"2.3\",\"2.1\",\"1.2\",\"1.1\"]'),(90,'C语言程序设计','计算机科学与技术','50003747',113,'鲁莹',32,32,'计算机科学与技术2020','2021','2022',1,'21',12,'必修','公共基础课',6,5,'[\"1.1\",\"1.2\",\"1.3\",\"1.4\",\"2.1\"]'),(216,'C语言程序设计课程设计','计算机科学与技术','52000232',113,'鲁莹',0,18,'计算机科学与技术2022','2022','2023',2,'gfdg ',34,'必修','专业集中性实践教学',3,3,'[\"1.2\",\"12.2\",\"10.3\"]');
/*!40000 ALTER TABLE `course_basic_information` ENABLE KEYS */;
UNLOCK TABLES;

--
-- Table structure for table `course_examine_child_methods`
--

DROP TABLE IF EXISTS `course_examine_child_methods`;
/*!40101 SET @saved_cs_client     = @@character_set_client */;
/*!40101 SET character_set_client = utf8 */;
CREATE TABLE `course_examine_child_methods` (
  `id` int(11) NOT NULL AUTO_INCREMENT,
  `course_examine_methods_id` int(11) NOT NULL,
  `examine_child_item` varchar(30) NOT NULL,
  `child_percentage` int(3) NOT NULL,
  `child_score` int(3) NOT NULL DEFAULT '100',
  `course_target` varchar(300) DEFAULT NULL,
  `indicator_points_detail` varchar(300) DEFAULT NULL,
  PRIMARY KEY (`id`),
  KEY `考试方式表id` (`course_examine_methods_id`),
  CONSTRAINT `考试方式表id` FOREIGN KEY (`course_examine_methods_id`) REFERENCES `course_examine_methods` (`id`) ON DELETE CASCADE ON UPDATE CASCADE
) ENGINE=InnoDB AUTO_INCREMENT=72 DEFAULT CHARSET=utf8;
/*!40101 SET character_set_client = @saved_cs_client */;

--
-- Dumping data for table `course_examine_child_methods`
--

LOCK TABLES `course_examine_child_methods` WRITE;
/*!40000 ALTER TABLE `course_examine_child_methods` DISABLE KEYS */;
INSERT INTO `course_examine_child_methods` VALUES (16,20,'考勤',34,100,'[\"课程目标1\"]','[\"1.1\",\"2.1\"]'),(17,20,'课题提问',29,100,'[\"课程目标1\"]','[\"1.1\",\"2.1\"]'),(21,20,'作业',47,100,'[\"课程目标1\",\"课程目标2\",\"课程目标3\"]','[\"1.1\",\"2.1\"]'),(33,25,'考勤',13,100,'[]','[\"指标点1.1\",\"指标点5.2\",\"指标点2.1\"]'),(34,25,'课题提问',11,100,'[]','[\"指标点1.1\"]'),(35,25,'考勤',50,100,'[]','[\"指标点1.1\",\"指标点1.2\",\"指标点5.2\"]'),(36,26,'试卷',100,100,'[\"课程目标1\",\"课程目标2\",\"课程目标3\"]','[\"1.1\",\"2.1\"]'),(37,5,'考勤',33,100,'[]','[\"指标点1.1\",\"指标点1.2\",\"指标点5.2\"]'),(38,27,'试卷',22,100,'[\"课程目标1\"]','[\"指标点1.1\",\"指标点1.2\"]'),(41,28,'作业',17,100,'[\"课程目标1\"]','[]'),(42,29,'实验报告',16,100,'[\"课程目标1\"]','[]'),(43,30,'考勤成绩',20,100,'[\"课程目标1\",\"课程目标2\",\"课程目标3\",\"课程目标4\",\"课程目标5\",\"课程目标6\"]','[\"1.1\",\"1.2\",\"2.1\"]'),(44,30,'课堂表现',20,100,'[\"课程目标1\",\"课程目标2\",\"课程目标3\",\"课程目标4\",\"课程目标5\",\"课程目标6\"]','[\"1.1\",\"1.2\",\"2.1\"]'),(45,30,'作业成绩',30,100,'[\"课程目标1\",\"课程目标2\",\"课程目标3\",\"课程目标4\",\"课程目标5\",\"课程目标6\"]','[\"1.1\",\"1.2\",\"2.1\"]'),(46,30,'期中测试成绩',30,100,'[\"课程目标1\",\"课程目标2\",\"课程目标3\",\"课程目标4\",\"课程目标5\",\"课程目标6\"]','[\"2.1\",\"1.2\",\"1.1\"]'),(47,31,'试卷',100,100,'[\"课程目标1\",\"课程目标2\",\"课程目标3\",\"课程目标5\",\"课程目标6\",\"课程目标4\"]','[\"1.1\",\"1.2\",\"2.1\"]'),(50,32,'试卷',100,100,'[]','[\"指标点1.1\",\"指标点1.2\"]'),(51,33,'平时作业',20,100,'[\"课程目标1\",\"课程目标2\",\"课程目标3\",\"课程目标5\"]','[\"1.2\",\"1.3\",\"1.4\"]'),(52,33,'考勤',80,100,'[\"课程目标1\",\"课程目标3\",\"课程目标4\",\"课程目标5\",\"课程目标2\",\"课程目标6\"]','[\"1.2\",\"1.4\",\"2.1\"]'),(53,34,'试卷',100,100,'[\"课程目标2\",\"课程目标5\",\"课程目标3\",\"课程目标4\",\"课程目标1\",\"课程目标6\"]','[\"1.2\",\"1.1\",\"1.3\",\"1.4\",\"2.1\",\"2.2\"]'),(56,36,'考勤',40,100,'[\"课程目标1\",\"课程目标2\",\"课程目标3\"]','[\"1.2\",\"12.2\",\"10.3\"]'),(57,37,'试卷',100,100,'[\"课程目标1\",\"课程目标2\",\"课程目标3\"]','[\"1.2\",\"12.2\",\"10.3\"]'),(58,36,'作业',60,100,'[\"课程目标1\",\"课程目标2\",\"课程目标3\"]','[\"1.2\",\"12.2\",\"10.3\"]'),(59,39,'试卷',100,100,'[\"课程目标1\",\"课程目标2\",\"课程目标3\",\"课程目标4\"]','[\"1.4\",\"2.3\",\"2.1\",\"1.2\",\"1.1\"]'),(60,38,'考勤',20,100,'[\"课程目标1\",\"课程目标2\",\"课程目标3\"]','[\"1.4\",\"2.3\"]'),(61,38,'作业',80,100,'[\"课程目标1\",\"课程目标2\",\"课程目标3\",\"课程目标4\"]','[\"1.1\",\"1.2\",\"2.1\",\"2.3\",\"1.4\"]'),(62,40,'考勤',50,100,'[\"课程目标1\",\"课程目标3\",\"课程目标2\",\"课程目标4\",\"课程目标5\"]','[\"1.1\",\"1.3\",\"1.4\"]'),(63,40,'实验',50,100,'[\"课程目标2\",\"课程目标1\",\"课程目标3\",\"课程目标4\",\"课程目标5\"]','[\"1.1\",\"1.3\",\"1.4\"]'),(64,41,'试卷',100,100,'[\"课程目标1\",\"课程目标2\",\"课程目标3\",\"课程目标4\",\"课程目标5\"]','[\"1.1\",\"1.3\",\"1.4\"]'),(71,52,'试卷',100,100,'[\"课程目标1\",\"课程目标3\",\"课程目标2\",\"课程目标4\",\"课程目标5\",\"课程目标6\"]','[\"1.1\",\"1.2\",\"1.3\",\"1.4\",\"2.1\"]');
/*!40000 ALTER TABLE `course_examine_child_methods` ENABLE KEYS */;
UNLOCK TABLES;

--
-- Table structure for table `course_examine_methods`
--

DROP TABLE IF EXISTS `course_examine_methods`;
/*!40101 SET @saved_cs_client     = @@character_set_client */;
/*!40101 SET character_set_client = utf8 */;
CREATE TABLE `course_examine_methods` (
  `id` int(11) NOT NULL AUTO_INCREMENT,
  `course_id` int(11) NOT NULL,
  `course_name` varchar(30) NOT NULL,
  `examine_item` varchar(30) NOT NULL,
  `percentage` int(3) NOT NULL,
  `item_score` int(3) DEFAULT '100',
  PRIMARY KEY (`id`),
  KEY `课程信息表id` (`course_id`),
  CONSTRAINT `课程信息表id` FOREIGN KEY (`course_id`) REFERENCES `course_basic_information` (`id`) ON DELETE CASCADE ON UPDATE CASCADE
) ENGINE=InnoDB AUTO_INCREMENT=53 DEFAULT CHARSET=utf8;
/*!40101 SET character_set_client = @saved_cs_client */;

--
-- Dumping data for table `course_examine_methods`
--

LOCK TABLES `course_examine_methods` WRITE;
/*!40000 ALTER TABLE `course_examine_methods` DISABLE KEYS */;
INSERT INTO `course_examine_methods` VALUES (5,7,'JAVA程序设计','平时考核成绩',3,100),(7,6,'c语言程序设计','平时考核成绩',6,100),(8,6,'c语言程序设计','平时考核成绩',6,100),(9,6,'c语言程序设计','平时考核成绩',6,100),(15,4,'概率论','实验考核成绩',412,100),(18,8,'线性代数','平时测验',30,100),(19,8,'线性代数','平时测验',30,100),(20,10,'编译原理','平时考核成绩',24,100),(25,11,'这是一条很长的测试数据','平时考核成绩',17,100),(26,10,'编译原理','期末考核成绩',50,100),(27,1,'高数(必修)','期末考核成绩',55,100),(28,1,'高数(必修)','平时考核成绩',32,100),(29,1,'高数(必修)','实验考核成绩',27,100),(30,12,'信号与系统','平时考核成绩',30,100),(31,12,'信号与系统','期末考核成绩',70,100),(32,7,'JAVA程序设计','期末考核成绩',97,100),(33,14,'test','平时考核成绩',30,100),(34,14,'test','期末考核成绩',70,100),(35,90,'C语言程序设计','平时考核成绩',3,100),(36,216,'C语言程序设计课程设计','平时考核成绩',30,100),(37,216,'C语言程序设计课程设计','期末考核成绩',70,100),(38,51,'集成电路原理与设计','平时考核成绩',20,100),(39,51,'集成电路原理与设计','期末考核成绩',80,100),(40,48,'通信原理','平时考核成绩',30,100),(41,48,'通信原理','期末考核成绩',70,100),(52,90,'C语言程序设计','期末考核成绩',90,100);
/*!40000 ALTER TABLE `course_examine_methods` ENABLE KEYS */;
UNLOCK TABLES;

--
-- Table structure for table `course_final_exam_paper`
--

DROP TABLE IF EXISTS `course_final_exam_paper`;
/*!40101 SET @saved_cs_client     = @@character_set_client */;
/*!40101 SET character_set_client = utf8 */;
CREATE TABLE `course_final_exam_paper` (
  `id` int(11) NOT NULL AUTO_INCREMENT,
  `exam_child_method_id` int(11) NOT NULL,
  `item_name` varchar(30) NOT NULL,
  `item_score` int(3) DEFAULT NULL,
  PRIMARY KEY (`id`),
  KEY `试卷表外键考察评价方式子表` (`exam_child_method_id`),
  CONSTRAINT `试卷表外键考察评价方式子表` FOREIGN KEY (`exam_child_method_id`) REFERENCES `course_examine_child_methods` (`id`) ON DELETE CASCADE ON UPDATE CASCADE
) ENGINE=InnoDB AUTO_INCREMENT=42 DEFAULT CHARSET=utf8;
/*!40101 SET character_set_client = @saved_cs_client */;

--
-- Dumping data for table `course_final_exam_paper`
--

LOCK TABLES `course_final_exam_paper` WRITE;
/*!40000 ALTER TABLE `course_final_exam_paper` DISABLE KEYS */;
INSERT INTO `course_final_exam_paper` VALUES (10,36,'选择题',20),(12,36,'简答题',50),(17,38,'选择题',30),(18,47,'选择',10),(19,47,'填空',20),(20,47,'简答',10),(21,47,'计算',60),(28,36,'计算题',36),(29,53,'选择题',20),(30,53,'填空题',20),(31,53,'简答题',60),(32,50,'选择题',20),(33,53,'判断题',10),(34,57,'项目一',50),(35,57,'项目二',50),(36,59,'实习报告',100),(37,64,'选择题',10),(38,64,'判断题',10),(39,64,'填空题',20),(40,64,'简答题',10),(41,64,'计算题',50);
/*!40000 ALTER TABLE `course_final_exam_paper` ENABLE KEYS */;
UNLOCK TABLES;

--
-- Table structure for table `course_final_exam_paper_detail`
--

DROP TABLE IF EXISTS `course_final_exam_paper_detail`;
/*!40101 SET @saved_cs_client     = @@character_set_client */;
/*!40101 SET character_set_client = utf8 */;
CREATE TABLE `course_final_exam_paper_detail` (
  `id` int(11) NOT NULL AUTO_INCREMENT,
  `primary_id` int(11) NOT NULL,
  `title_number` int(3) NOT NULL,
  `score` int(3) DEFAULT NULL,
  `indicator_points` varchar(100) NOT NULL,
  `course_target` varchar(100) NOT NULL,
  PRIMARY KEY (`id`),
  KEY `与课程试卷表id外联` (`primary_id`),
  CONSTRAINT `与课程试卷表id外联` FOREIGN KEY (`primary_id`) REFERENCES `course_final_exam_paper` (`id`) ON DELETE CASCADE ON UPDATE CASCADE
) ENGINE=InnoDB AUTO_INCREMENT=228 DEFAULT CHARSET=utf8;
/*!40101 SET character_set_client = @saved_cs_client */;

--
-- Dumping data for table `course_final_exam_paper_detail`
--

LOCK TABLES `course_final_exam_paper_detail` WRITE;
/*!40000 ALTER TABLE `course_final_exam_paper_detail` DISABLE KEYS */;
INSERT INTO `course_final_exam_paper_detail` VALUES (31,10,3,2,'[\"1.1\"]','[\"课程目标1\",\"课程目标2\",\"课程目标3\"]'),(32,10,1,10,'[\"1.1\",\"2.1\"]','[\"课程目标1\",\"课程目标2\"]'),(34,10,2,2,'[\"1.1\"]','[\"课程目标1\",\"课程目标2\",\"课程目标3\"]'),(38,12,1,12,'[\"1.1\",\"2.1\"]','[\"课程目标1\",\"课程目标2\"]'),(39,12,2,2,'[\"2.1\"]','[\"课程目标1\",\"课程目标2\"]'),(40,12,3,3,'[\"1.1\"]','[\"课程目标1\",\"课程目标2\",\"课程目标3\"]'),(41,10,4,2,'[\"2.1\"]','[\"课程目标1\"]'),(42,10,5,2,'[\"2.1\"]','[\"课程目标2\"]'),(45,12,4,4,'[\"1.1\"]','[\"课程目标3\"]'),(46,12,5,6,'[\"2.1\"]','[\"课程目标2\"]'),(47,17,1,2,'[\"指标点1.1\"]','[\"课程目标1\"]'),(48,17,2,2,'[\"指标点1.1\"]','[\"课程目标1\"]'),(50,17,3,12,'[\"指标点1.1\",\"指标点1.2\"]','[\"课程目标1\"]'),(51,17,4,12,'[\"指标点1.1\"]','[\"课程目标1\"]'),(52,18,1,2,'[\"1.1\"]','[\"课程目标1\"]'),(53,18,2,2,'[\"1.1\"]','[\"课程目标1\"]'),(54,18,3,2,'[\"1.2\"]','[\"课程目标2\"]'),(55,18,4,2,'[\"1.1\"]','[\"课程目标1\"]'),(56,18,5,2,'[\"1.2\"]','[\"课程目标3\"]'),(57,19,1,2,'[\"1.1\"]','[\"课程目标1\"]'),(58,19,2,2,'[\"1.2\"]','[\"课程目标2\"]'),(59,19,3,2,'[]','[\"课程目标2\"]'),(60,19,4,2,'[\"1.2\"]','[\"课程目标3\"]'),(61,19,5,2,'[\"1.2\",\"2.1\"]','[\"课程目标4\",\"课程目标6\"]'),(62,19,6,2,'[\"1.2\",\"2.1\"]','[\"课程目标6\",\"课程目标4\"]'),(63,19,7,2,'[\"1.2\"]','[\"课程目标3\"]'),(64,19,8,2,'[\"1.2\"]','[\"课程目标3\"]'),(65,19,9,2,'[\"1.2\",\"2.1\"]','[\"课程目标5\",\"课程目标6\"]'),(67,19,10,2,'[\"1.2\"]','[\"课程目标3\"]'),(68,20,1,2,'[\"1.1\"]','[\"课程目标1\"]'),(69,20,2,2,'[\"1.2\"]','[\"课程目标3\"]'),(70,20,3,2,'[\"1.2\"]','[\"课程目标3\"]'),(71,20,4,2,'[\"1.2\"]','[\"课程目标3\"]'),(73,21,1,4,'[\"1.1\"]','[\"课程目标1\"]'),(74,21,2,5,'[\"1.2\"]','[\"课程目标2\"]'),(75,21,3,4,'[\"1.2\"]','[\"课程目标2\"]'),(76,21,4,6,'[\"1.2\"]','[\"课程目标3\"]'),(77,21,5,8,'[\"1.2\"]','[\"课程目标3\"]'),(78,21,6,5,'[\"1.2\"]','[\"课程目标3\"]'),(79,21,7,4,'[\"1.2\"]','[\"课程目标3\"]'),(80,21,8,15,'[\"1.2\",\"2.1\"]','[\"课程目标4\",\"课程目标6\"]'),(81,21,9,5,'[\"1.2\",\"2.1\"]','[\"课程目标6\",\"课程目标5\"]'),(82,21,10,4,'[\"1.2\"]','[\"课程目标2\"]'),(83,10,10,1,'[\"1.1\"]','[\"课程目标1\"]'),(96,20,5,3,'[\"1.1\"]','[\"课程目标2\",\"课程目标1\",\"课程目标3\",\"课程目标5\",\"课程目标6\"]'),(137,28,1,6,'[\"1.1\",\"2.1\"]','[\"课程目标1\",\"课程目标2\",\"课程目标3\"]'),(138,28,5,6,'[\"2.1\"]','[\"课程目标1\"]'),(139,28,4,6,'[\"1.1\"]','[\"课程目标1\",\"课程目标2\"]'),(140,28,6,6,'[\"1.1\"]','[\"课程目标2\",\"课程目标3\"]'),(141,28,3,6,'[\"1.1\",\"2.1\"]','[\"课程目标2\"]'),(142,28,2,6,'[\"1.1\"]','[\"课程目标1\",\"课程目标3\"]'),(143,29,1,2,'[\"1.1\",\"1.4\",\"2.1\",\"1.3\",\"2.2\"]','[\"课程目标4\",\"课程目标3\",\"课程目标2\",\"课程目标5\",\"课程目标1\",\"课程目标6\"]'),(144,29,5,2,'[\"1.2\",\"1.3\",\"2.1\"]','[\"课程目标1\",\"课程目标3\",\"课程目标5\"]'),(145,29,3,2,'[\"1.2\",\"1.3\",\"1.4\",\"2.2\"]','[\"课程目标4\",\"课程目标5\",\"课程目标3\"]'),(146,29,4,2,'[\"1.3\",\"2.1\",\"2.2\",\"1.1\"]','[\"课程目标1\",\"课程目标4\"]'),(147,29,6,2,'[\"1.2\",\"1.3\",\"2.1\",\"2.2\"]','[\"课程目标1\",\"课程目标4\",\"课程目标3\",\"课程目标5\",\"课程目标2\"]'),(148,29,2,2,'[\"1.1\",\"1.3\",\"1.4\"]','[\"课程目标4\",\"课程目标5\",\"课程目标2\"]'),(149,29,7,2,'[\"1.2\",\"1.3\",\"1.4\",\"2.1\",\"2.2\"]','[\"课程目标1\",\"课程目标4\",\"课程目标3\",\"课程目标5\",\"课程目标2\"]'),(150,29,10,2,'[\"1.4\"]','[\"课程目标1\",\"课程目标3\",\"课程目标5\"]'),(151,29,9,2,'[\"1.2\"]','[\"课程目标6\"]'),(152,29,8,2,'[\"1.2\"]','[\"课程目标6\"]'),(153,30,4,2,'[\"1.1\",\"1.3\",\"2.1\",\"2.2\"]','[\"课程目标1\",\"课程目标3\",\"课程目标5\",\"课程目标2\"]'),(154,30,3,2,'[\"1.2\",\"1.1\",\"1.4\",\"2.1\"]','[\"课程目标1\",\"课程目标4\",\"课程目标3\",\"课程目标5\"]'),(155,30,1,2,'[\"1.2\",\"1.1\",\"1.4\"]','[\"课程目标1\",\"课程目标3\"]'),(156,30,2,2,'[\"1.2\",\"1.3\",\"1.4\",\"2.1\"]','[\"课程目标1\",\"课程目标3\",\"课程目标5\"]'),(157,30,6,2,'[\"1.2\",\"1.3\",\"2.1\",\"2.2\"]','[\"课程目标1\",\"课程目标3\",\"课程目标5\"]'),(158,30,5,2,'[\"1.1\",\"1.4\",\"2.2\"]','[\"课程目标6\",\"课程目标1\",\"课程目标3\",\"课程目标2\"]'),(159,30,7,2,'[\"1.4\",\"1.3\",\"1.1\",\"1.2\"]','[\"课程目标1\",\"课程目标4\",\"课程目标3\"]'),(160,30,8,2,'[\"1.2\",\"1.4\",\"2.2\"]','[\"课程目标1\",\"课程目标4\"]'),(161,30,10,2,'[\"1.2\",\"1.3\",\"1.4\"]','[\"课程目标6\",\"课程目标1\",\"课程目标3\"]'),(162,30,9,2,'[\"1.4\",\"2.1\",\"1.1\"]','[\"课程目标6\",\"课程目标4\",\"课程目标5\"]'),(163,31,1,6,'[\"1.2\",\"1.1\",\"1.4\"]','[\"课程目标5\",\"课程目标3\",\"课程目标4\"]'),(164,31,2,6,'[\"1.2\",\"1.3\",\"2.2\"]','[\"课程目标5\",\"课程目标3\",\"课程目标1\"]'),(165,31,3,6,'[\"1.4\",\"2.2\"]','[\"课程目标4\"]'),(166,31,5,6,'[\"1.2\",\"2.1\"]','[\"课程目标2\"]'),(167,31,6,6,'[\"1.4\",\"1.2\",\"1.3\"]','[\"课程目标1\",\"课程目标3\",\"课程目标5\"]'),(168,31,7,6,'[\"1.3\",\"1.4\",\"2.1\"]','[\"课程目标3\",\"课程目标1\",\"课程目标4\",\"课程目标5\"]'),(169,31,4,6,'[\"1.4\",\"2.1\"]','[\"课程目标5\",\"课程目标4\",\"课程目标6\"]'),(170,31,8,6,'[\"1.1\",\"2.1\"]','[\"课程目标3\",\"课程目标6\"]'),(171,31,10,6,'[\"1.3\",\"1.1\"]','[\"课程目标4\",\"课程目标6\",\"课程目标1\",\"课程目标3\"]'),(172,31,9,6,'[\"1.2\",\"1.3\",\"2.2\"]','[\"课程目标3\",\"课程目标1\"]'),(173,32,2,2,'[]','[]'),(174,32,6,2,'[]','[]'),(175,32,1,2,'[]','[]'),(176,32,3,2,'[]','[]'),(177,32,4,2,'[]','[]'),(178,32,5,2,'[]','[]'),(179,32,8,2,'[]','[]'),(180,32,10,2,'[]','[]'),(181,32,9,2,'[]','[]'),(182,32,7,2,'[]','[]'),(183,33,1,1,'[]','[]'),(184,33,3,1,'[]','[]'),(185,33,5,1,'[]','[]'),(186,33,2,1,'[]','[]'),(187,33,4,1,'[]','[]'),(188,33,6,1,'[]','[]'),(189,33,7,1,'[]','[]'),(190,33,8,1,'[]','[]'),(191,33,9,1,'[]','[]'),(192,33,10,1,'[]','[]'),(193,34,1,50,'[\"1.2\",\"12.2\"]','[\"课程目标1\",\"课程目标3\"]'),(194,35,1,50,'[\"12.2\",\"10.3\"]','[\"课程目标2\",\"课程目标3\"]'),(197,36,1,50,'[\"1.4\",\"2.3\",\"2.1\",\"1.2\",\"1.1\"]','[\"课程目标1\",\"课程目标2\",\"课程目标3\",\"课程目标4\"]'),(198,36,2,10,'[\"2.3\",\"2.1\",\"1.2\",\"1.1\"]','[\"课程目标1\",\"课程目标2\",\"课程目标3\"]'),(199,36,3,40,'[\"1.4\",\"2.3\"]','[\"课程目标1\",\"课程目标3\",\"课程目标4\"]'),(200,37,4,2,'[]','[]'),(201,37,3,2,'[]','[]'),(202,37,5,2,'[]','[]'),(203,37,1,2,'[]','[]'),(204,37,2,2,'[]','[]'),(205,38,1,2,'[]','[]'),(206,38,4,2,'[]','[]'),(207,38,3,2,'[]','[]'),(208,38,2,2,'[]','[]'),(209,38,5,2,'[]','[]'),(210,39,5,2,'[]','[]'),(211,39,2,2,'[]','[]'),(212,39,1,2,'[]','[]'),(213,39,3,2,'[]','[]'),(214,39,4,2,'[]','[]'),(215,39,6,2,'[]','[]'),(216,39,10,2,'[]','[]'),(217,39,8,2,'[]','[]'),(218,39,9,2,'[]','[]'),(219,39,7,2,'[]','[]'),(220,40,2,4,'[]','[]'),(221,40,1,6,'[]','[]'),(222,41,3,9,'[]','[]'),(223,41,4,3,'[]','[]'),(224,41,5,10,'[]','[]'),(225,41,2,6,'[]','[]'),(226,41,1,4,'[]','[]'),(227,41,6,8,'[]','[]');
/*!40000 ALTER TABLE `course_final_exam_paper_detail` ENABLE KEYS */;
UNLOCK TABLES;

--
-- Table structure for table `course_score_analyse`
--

DROP TABLE IF EXISTS `course_score_analyse`;
/*!40101 SET @saved_cs_client     = @@character_set_client */;
/*!40101 SET character_set_client = utf8 */;
CREATE TABLE `course_score_analyse` (
  `id` int(11) NOT NULL AUTO_INCREMENT,
  `course_id` int(11) NOT NULL,
  `student_num` int(4) NOT NULL,
  `max_score` double DEFAULT '0',
  `min_score` double DEFAULT '0',
  `average_score` double DEFAULT '0',
  `superior` int(4) DEFAULT '0',
  `great` int(4) DEFAULT '0',
  `good` int(4) DEFAULT '0',
  `pass` int(4) DEFAULT '0',
  `failed` int(4) DEFAULT '0',
  `pass_rate` double DEFAULT '0',
  PRIMARY KEY (`id`),
  UNIQUE KEY `course_id` (`course_id`),
  CONSTRAINT `course_id` FOREIGN KEY (`course_id`) REFERENCES `course_basic_information` (`id`) ON DELETE CASCADE ON UPDATE CASCADE
) ENGINE=InnoDB AUTO_INCREMENT=16 DEFAULT CHARSET=utf8;
/*!40101 SET character_set_client = @saved_cs_client */;

--
-- Dumping data for table `course_score_analyse`
--

LOCK TABLES `course_score_analyse` WRITE;
/*!40000 ALTER TABLE `course_score_analyse` DISABLE KEYS */;
INSERT INTO `course_score_analyse` VALUES (9,10,27,85.3,23.7,27.6,0,1,0,0,26,0.037),(10,12,32,88,44,76.1,0,11,17,3,1,0.9688),(11,14,62,84,67,77.2,0,29,25,8,0,1),(12,216,160,21,0,20.5,0,0,0,0,160,0),(13,11,161,0,0,0,0,0,0,0,161,0),(14,51,161,62,54,62,0,0,0,160,1,0.9938),(15,48,76,0,0,0,0,0,0,0,76,0);
/*!40000 ALTER TABLE `course_score_analyse` ENABLE KEYS */;
UNLOCK TABLES;

--
-- Table structure for table `course_syllabus_information`
--

DROP TABLE IF EXISTS `course_syllabus_information`;
/*!40101 SET @saved_cs_client     = @@character_set_client */;
/*!40101 SET character_set_client = utf8 */;
CREATE TABLE `course_syllabus_information` (
  `id` int(11) NOT NULL AUTO_INCREMENT,
  `course_name` varchar(30) NOT NULL,
  `course_code` varchar(11) DEFAULT '00000000',
  `major` varchar(20) NOT NULL DEFAULT 'undefine',
  `credit` double NOT NULL,
  `theoretical_hours` int(3) NOT NULL,
  `lab_hours` int(3) NOT NULL,
  `course_nature` varchar(30) NOT NULL,
  `course_type` varchar(30) NOT NULL,
  `course_target_num` int(3) DEFAULT NULL,
  `indicator_points_num` int(3) DEFAULT NULL,
  `file_address` varchar(100) DEFAULT NULL,
  `upload_user` varchar(16) DEFAULT NULL,
  PRIMARY KEY (`id`)
) ENGINE=InnoDB AUTO_INCREMENT=259 DEFAULT CHARSET=utf8;
/*!40101 SET character_set_client = @saved_cs_client */;

--
-- Dumping data for table `course_syllabus_information`
--

LOCK TABLES `course_syllabus_information` WRITE;
/*!40000 ALTER TABLE `course_syllabus_information` DISABLE KEYS */;
INSERT INTO `course_syllabus_information` VALUES (5,'英语(1)','50000310','电子信息工程',4,64,0,'必修','公共基础课',NULL,NULL,NULL,NULL),(6,'英语(2)','50001013','电子信息工程',4,64,0,'必修','公共基础课',NULL,NULL,NULL,NULL),(7,'英语(3)','50000095','电子信息工程',4,64,0,'必修','公共基础课',NULL,NULL,NULL,NULL),(8,'英语(4)','50000066','电子信息工程',4,64,0,'必修','公共基础课',NULL,NULL,NULL,NULL),(9,'体育(1)','50001947','电子信息工程',1,32,0,'必修','公共基础课',NULL,NULL,NULL,NULL),(10,'体育(2)','50000763','电子信息工程',1,32,0,'必修','公共基础课',NULL,NULL,NULL,NULL),(11,'体育(3)','50000040','电子信息工程',1,32,0,'必修','公共基础课',NULL,NULL,NULL,NULL),(12,'体育(4)','50001187','电子信息工程',1,32,0,'必修','公共基础课',NULL,NULL,NULL,NULL),(13,'思想道德与法治','51700019','电子信息工程',2.5,40,0,'必修','公共基础课',NULL,NULL,NULL,NULL),(14,'中国近现代史纲要','50000690','电子信息工程',3,48,0,'必修','公共基础课',NULL,NULL,NULL,NULL),(15,'马克思主义基本原理','51700021','电子信息工程',2.5,48,0,'必修','公共基础课',NULL,NULL,NULL,NULL),(16,'毛泽东思想和中国特色社会主义理论体系概论','50000686','电子信息工程',4,64,0,'必修','公共基础课',NULL,NULL,NULL,NULL),(17,'形势与政策(1)','51700011','电子信息工程',0.25,8,0,'必修','公共基础课',NULL,NULL,NULL,NULL),(18,'形势与政策(2)','51700012','电子信息工程',0.25,8,0,'必修','公共基础课',NULL,NULL,NULL,NULL),(19,'形势与政策(3)','51700013','电子信息工程',0.25,8,0,'必修','公共基础课',NULL,NULL,NULL,NULL),(20,'形势与政策(4)','51700014','电子信息工程',0.25,8,0,'必修','公共基础课',NULL,NULL,NULL,NULL),(21,'形势与政策(5)','51700015','电子信息工程',0.25,8,0,'必修','公共基础课',NULL,NULL,NULL,NULL),(22,'形势与政策(6)','51700016','电子信息工程',0.25,8,0,'必修','公共基础课',NULL,NULL,NULL,NULL),(23,'形势与政策(7)','51700017','电子信息工程',0.25,8,0,'必修','公共基础课',NULL,NULL,NULL,NULL),(24,'形势与政策(8)','51700018','电子信息工程',0.25,8,0,'必修','公共基础课',NULL,NULL,NULL,NULL),(25,'军事理论','50002609','电子信息工程',2,36,0,'必修','公共基础课',NULL,NULL,NULL,NULL),(26,'高等数学A(1)','50003552','电子信息工程',5,80,0,'必修','公共基础课',NULL,NULL,NULL,NULL),(27,'高等数学A(2)','50003080','电子信息工程',5,80,0,'必修','公共基础课',NULL,NULL,NULL,NULL),(28,'线性代数A','50003219','电子信息工程',3,48,0,'必修','公共基础课',NULL,NULL,NULL,NULL),(29,'概率论与数理统计B','50000553','电子信息工程',3,48,0,'必修','公共基础课',NULL,NULL,NULL,NULL),(30,'复变函数','50001475','电子信息工程',3,48,0,'必修','公共基础课',NULL,NULL,NULL,NULL),(31,'大学物理','50004090','电子信息工程',4.5,64,8,'必修','公共基础课',NULL,NULL,NULL,'戴正权'),(32,'离散数学','52000248','电子信息工程',3,48,0,'必修','公共基础课',NULL,NULL,NULL,'理学院'),(33,'文献检索及科技论文写作','52000223','电子信息工程',2,32,0,'必修','公共基础课',NULL,NULL,NULL,'学校'),(34,'电子信息工程导论','51100881','电子信息工程',1,16,0,'必修','专业基础课',NULL,NULL,NULL,'吕丹桔'),(36,'电路分析','50001195','电子信息工程',3,48,0,'必修','专业基础课',NULL,NULL,NULL,'李莎'),(37,'C语言程序设计','51100007','电子信息工程',4,32,32,'必修','专业基础课',NULL,NULL,NULL,'李俊萩'),(38,'模拟电子技术','50002086','电子信息工程',4,64,0,'必修','专业基础课',NULL,NULL,'/home/user/Documents/项目/Manage_system_bg/pdf/syllabus/电子信息工程/专业基础课/模拟电子技术.pdf','荣剑'),(39,'数字电子技术','51100896','电子信息工程',4,48,16,'必修','专业基础课',NULL,NULL,NULL,'徐伟恒'),(40,'计算机组成原理','50001202','电子信息工程',3,48,0,'必修','专业基础课',NULL,NULL,NULL,'张晴晖'),(41,'信号与系统','51100897','电子信息工程',3,64,0,'必修','专业基础课',NULL,NULL,'/home/user/Documents/项目/Manage_system_bg/pdf/syllabus/电子信息工程/专业基础课/信号与系统.pdf','鲁莹'),(42,'数字信号处理','52000249','电子信息工程',4,48,16,'必修','专业基础课',NULL,NULL,NULL,'吕丹桔'),(43,'自动控制原理','52000119','电子信息工程',3,32,16,'必修','专业基础课',NULL,NULL,NULL,'张宏翔'),(44,'单片机原理与接口技术','50000701','电子信息工程',4,32,32,'必修','专业核心课',NULL,NULL,NULL,'李俊萩'),(45,'可编程器件开发EDA','51100854','电子信息工程',3,24,24,'必修','专业核心课',NULL,NULL,NULL,'杨鹏宇'),(46,'嵌入式系统','50002245','电子信息工程',3,24,24,'必修','专业核心课',NULL,NULL,NULL,'苗晟'),(47,'高频电子线路','52000250','电子信息工程',3,48,0,'必修','专业核心课',NULL,NULL,NULL,'禹玥昀'),(48,'通信原理','50001875','电子信息工程',4,48,16,'必修','专业核心课',NULL,NULL,NULL,'董建娥'),(49,'语音信号处理','52000251','电子信息工程',3,24,24,'必修','专业核心课',NULL,NULL,NULL,'吕丹桔'),(50,'数字图像处理','52000252','电子信息工程',3,24,24,'必修','专业核心课',NULL,NULL,NULL,'钟丽辉'),(51,'集成电路原理与设计','52000253','电子信息工程',3,32,16,'选修','专业特色课',NULL,NULL,NULL,'李莎'),(52,'传感器技术与应用','50002294','电子信息工程',3,16,32,'选修','专业特色课',NULL,NULL,NULL,'徐全元'),(53,'SoC系统设计','52000120','电子信息工程',3,24,24,'选修','专业特色课',NULL,NULL,NULL,NULL),(54,'DSP原理及应用','52000121','电子信息工程',3,24,24,'选修','专业特色课',NULL,NULL,NULL,'徐全元'),(55,'计算机网络','50003454','电子信息工程',3,32,16,'选修','专业特色课',NULL,NULL,NULL,'赵璠'),(56,'信号系统设计','52000254','电子信息工程',3,24,24,'选修','专业特色课',NULL,NULL,NULL,'鲁莹'),(57,'光纤通信','52000122','电子信息工程',3,32,16,'选修','专业特色课',NULL,NULL,NULL,NULL),(58,'林业物联网技术','52000287','电子信息工程',3,32,16,'选修','专业特色课',NULL,NULL,NULL,'大数据'),(59,'专业英语','50002921','电子信息工程',2,32,0,'选修','专业特色课',NULL,NULL,NULL,'郭冉'),(60,'Python程序设计','51100895','电子信息工程',2,24,24,'选修','专业特色课',NULL,NULL,NULL,'李俊萩'),(61,'面象对象程序设计','52000255','电子信息工程',3,24,24,'选修','专业特色课',NULL,NULL,NULL,'计科'),(62,'操作系统原理','50002381','电子信息工程',4,48,16,'选修','专业特色课',NULL,NULL,NULL,'王晓林'),(63,'Web程序设计','50003762','电子信息工程',4,16,48,'选修','专业特色课',NULL,NULL,NULL,'计科'),(64,'数据结构','50000068','电子信息工程',3,32,16,'选修','专业特色课',NULL,NULL,NULL,'计科'),(65,'数据库基础与应用','52000256','电子信息工程',3,32,16,'选修','专业特色课',NULL,NULL,NULL,'计科'),(66,'机器学习与应用','52000257','电子信息工程',4,32,32,'选修','专业特色课',NULL,NULL,NULL,'计科'),(67,'大数据技术基础','52000258','电子信息工程',3,24,24,'选修','专业特色课',NULL,NULL,NULL,'大数据'),(68,'英语(1)','50000310','计算机科学与技术',4,64,0,'必修','公共基础课',NULL,NULL,NULL,NULL),(69,'英语(2)','50001013','计算机科学与技术',4,64,0,'必修','公共基础课',NULL,NULL,NULL,NULL),(70,'英语(3)','50000095','计算机科学与技术',4,64,0,'必修','公共基础课',NULL,NULL,NULL,NULL),(71,'英语(4)','50000066','计算机科学与技术',4,64,0,'必修','公共基础课',NULL,NULL,NULL,NULL),(72,'体育(1)','50001947','计算机科学与技术',1,32,0,'必修','公共基础课',NULL,NULL,NULL,NULL),(73,'体育(2)','50000763','计算机科学与技术',1,32,0,'必修','公共基础课',NULL,NULL,NULL,NULL),(74,'体育(3)','50000040','计算机科学与技术',1,32,0,'必修','公共基础课',NULL,NULL,NULL,NULL),(75,'体育(4)','50001187','计算机科学与技术',1,32,0,'必修','公共基础课',NULL,NULL,NULL,NULL),(76,'思想道德与法治','51700019','计算机科学与技术',2.5,40,0,'必修','公共基础课',NULL,NULL,NULL,NULL),(77,'中国近现代史纲要','50000690','计算机科学与技术',3,48,0,'必修','公共基础课',NULL,NULL,NULL,NULL),(78,'马克思主义基本原理','51700021','计算机科学与技术',2.5,48,0,'必修','公共基础课',NULL,NULL,NULL,NULL),(79,'毛泽东思想和中国特色社会主义理论体系概论','50000686','计算机科学与技术',4,64,0,'必修','公共基础课',NULL,NULL,NULL,NULL),(80,'形势与政策(1)','51700011','计算机科学与技术',0.25,8,0,'必修','公共基础课',NULL,NULL,NULL,NULL),(81,'形势与政策(2)','51700012','计算机科学与技术',0.25,8,0,'必修','公共基础课',NULL,NULL,NULL,NULL),(82,'形势与政策(3)','51700013','计算机科学与技术',0.25,8,0,'必修','公共基础课',NULL,NULL,NULL,NULL),(83,'形势与政策(4)','51700014','计算机科学与技术',0.25,8,0,'必修','公共基础课',NULL,NULL,NULL,NULL),(84,'形势与政策(5)','51700015','计算机科学与技术',0.25,8,0,'必修','公共基础课',NULL,NULL,NULL,NULL),(85,'形势与政策(6)','51700016','计算机科学与技术',0.25,8,0,'必修','公共基础课',NULL,NULL,NULL,NULL),(86,'形势与政策(7)','51700017','计算机科学与技术',0.25,8,0,'必修','公共基础课',NULL,NULL,NULL,NULL),(87,'形势与政策(8)','51700018','计算机科学与技术',0.25,8,0,'必修','公共基础课',NULL,NULL,NULL,NULL),(88,'军事理论','50002609','计算机科学与技术',2,36,0,'必修','公共基础课',NULL,NULL,NULL,NULL),(89,'计算机科学与技术导论','50002914','计算机科学与技术',1,16,0,'必修','公共基础课',NULL,NULL,NULL,'强振平'),(90,'C语言程序设计','50003747','计算机科学与技术',4,32,32,'必修','公共基础课',NULL,NULL,NULL,'强振平'),(91,'线性代数A','50003219','计算机科学与技术',3,48,16,'必修','公共基础课',NULL,NULL,NULL,NULL),(92,'概率论与数理统计B','50000553','计算机科学与技术',3,48,0,'必修','公共基础课',NULL,NULL,NULL,NULL),(93,'高等数学A(1)','50003552','计算机科学与技术',5,80,0,'必修','公共基础课',NULL,NULL,NULL,NULL),(94,'高等数学A(2)','50003080','计算机科学与技术',5,80,0,'必修','公共基础课',NULL,NULL,NULL,NULL),(95,'Linux应用','50001198','计算机科学与技术',2,16,16,'必修','专业基础课',NULL,NULL,NULL,'王晓林'),(96,'数字电路','52000220','计算机科学与技术',4,48,16,'必修','专业基础课',NULL,NULL,NULL,'徐伟恒'),(97,'面向对象程序设计','52000221','计算机科学与技术',3,24,24,'必修','专业基础课',NULL,NULL,NULL,'赵毅力'),(98,'计算机网络','50000727','计算机科学与技术',3,32,16,'必修','专业基础课',NULL,NULL,NULL,'王晓林'),(99,'离散数学','50001201','计算机科学与技术',3,48,0,'必修','专业基础课',NULL,NULL,NULL,'邢丽伟'),(100,'计算机组成原理及体系结构','52000222','计算机科学与技术',4,64,0,'必修','专业基础课',NULL,NULL,NULL,'邢丽伟'),(101,'数据结构','51100864','计算机科学与技术',4,48,16,'必修','专业基础课',NULL,NULL,NULL,'强振平'),(102,'操作系统原理','50002937','计算机科学与技术',4,48,16,'必修','专业基础课',NULL,NULL,NULL,'王晓林'),(103,'文献检索及科技论文写作','52000223','计算机科学与技术',2,32,0,'必修','专业基础课',NULL,NULL,NULL,NULL),(104,'数据库原理与应用','50000466','计算机科学与技术',4,32,32,'必修','专业核心课',NULL,NULL,NULL,'鲁宁'),(105,'UI设计','51100887','计算机科学与技术',4,16,48,'必修','专业核心课',NULL,NULL,NULL,'幸宏'),(106,'软件工程','51100887','计算机科学与技术',3,32,16,'必修','专业核心课',NULL,NULL,NULL,'白雪'),(107,'Web程序设计','50000208','计算机科学与技术',4,16,48,'必修','专业核心课',NULL,NULL,NULL,'郭冉'),(108,'编译原理','52000224','计算机科学与技术',3,32,16,'必修','专业核心课',NULL,NULL,NULL,'赵喜'),(109,'算法分析与设计','51100363','计算机科学与技术',3,32,16,'必修','专业核心课',NULL,NULL,NULL,NULL),(110,'大数据技术基础','52000225','计算机科学与技术',3,24,24,'必修','专业核心课',NULL,NULL,NULL,'张宏伟'),(111,'机器学习与应用','52000226','计算机科学与技术',4,32,32,'必修','专业核心课',NULL,NULL,NULL,'赵喜'),(112,'Python程序设计','51100895','计算机科学与技术',3,24,24,'选修','专业特色课',NULL,NULL,NULL,'李俊萩'),(113,'遥感原理与遥感图像处理','50002744','计算机科学与技术',3,24,24,'选修','专业特色课',NULL,NULL,NULL,NULL),(114,'游戏开发','52000227','计算机科学与技术',3,24,24,'选修','专业特色课',NULL,NULL,NULL,NULL),(115,'林业物联网应用','52000112','计算机科学与技术',3,32,16,'选修','专业特色课',NULL,NULL,NULL,NULL),(116,'分布式计算概论','50000960','计算机科学与技术',3,24,24,'选修','专业特色课',NULL,NULL,NULL,NULL),(117,'网络协议编程','52000228','计算机科学与技术',3,24,24,'选修','专业特色课',NULL,NULL,NULL,NULL),(118,'区块链技术','52000229','计算机科学与技术',3,24,24,'选修','专业特色课',NULL,NULL,NULL,NULL),(119,'移动应用开发','52000123','计算机科学与技术',3,24,24,'选修','专业特色课',NULL,NULL,NULL,'贺金平\r'),(120,'计算机图形学','50002223','计算机科学与技术',2,16,16,'选修','专业特色课',NULL,NULL,NULL,NULL),(121,'智能计算','52000230','计算机科学与技术',3,24,24,'选修','专业特色课',NULL,NULL,NULL,NULL),(122,'人机交互技术','52000231','计算机科学与技术',2,16,16,'选修','专业特色课',NULL,NULL,NULL,NULL),(123,'英语(1)','50000310','数据科学与大数据技术',4,64,0,'必修','公共基础课',NULL,NULL,NULL,NULL),(124,'英语(2)','50001013','数据科学与大数据技术',4,64,0,'必修','公共基础课',NULL,NULL,NULL,NULL),(125,'英语(3)','50000095','数据科学与大数据技术',4,64,0,'必修','公共基础课',NULL,NULL,NULL,NULL),(126,'英语(4)','50000066','数据科学与大数据技术',4,64,0,'必修','公共基础课',NULL,NULL,NULL,NULL),(127,'体育(1)','50001947','数据科学与大数据技术',1,32,0,'必修','公共基础课',NULL,NULL,NULL,NULL),(128,'体育(2)','50000763','数据科学与大数据技术',1,32,0,'必修','公共基础课',NULL,NULL,NULL,NULL),(129,'体育(3)','50000040','数据科学与大数据技术',1,32,0,'必修','公共基础课',NULL,NULL,NULL,NULL),(130,'体育(4)','50001187','数据科学与大数据技术',1,32,0,'必修','公共基础课',NULL,NULL,NULL,NULL),(131,'思想道德与法治','51700019','数据科学与大数据技术',2.5,40,0,'必修','公共基础课',NULL,NULL,NULL,NULL),(132,'中国近现代史纲要','50000690','数据科学与大数据技术',3,48,0,'必修','公共基础课',NULL,NULL,NULL,NULL),(133,'马克思主义基本原理','51700021','数据科学与大数据技术',2.5,48,0,'必修','公共基础课',NULL,NULL,NULL,NULL),(134,'毛泽东思想和中国特色社会主义理论体系概论','50000686','数据科学与大数据技术',4,64,0,'必修','公共基础课',NULL,NULL,NULL,NULL),(135,'形势与政策(1)','51700011','数据科学与大数据技术',0.25,8,0,'必修','公共基础课',NULL,NULL,NULL,NULL),(136,'形势与政策(2)','51700012','数据科学与大数据技术',0.25,8,0,'必修','公共基础课',NULL,NULL,NULL,NULL),(137,'形势与政策(3)','51700013','数据科学与大数据技术',0.25,8,0,'必修','公共基础课',NULL,NULL,NULL,NULL),(138,'形势与政策(4)','51700014','数据科学与大数据技术',0.25,8,0,'必修','公共基础课',NULL,NULL,NULL,NULL),(139,'形势与政策(5)','51700015','数据科学与大数据技术',0.25,8,0,'必修','公共基础课',NULL,NULL,NULL,NULL),(140,'形势与政策(6)','51700016','数据科学与大数据技术',0.25,8,0,'必修','公共基础课',NULL,NULL,NULL,NULL),(141,'形势与政策(7)','51700017','数据科学与大数据技术',0.25,8,0,'必修','公共基础课',NULL,NULL,NULL,NULL),(142,'形势与政策(8)','51700018','数据科学与大数据技术',0.25,8,0,'必修','公共基础课',NULL,NULL,NULL,NULL),(143,'军事理论','50002609','数据科学与大数据技术',2,36,0,'必修','公共基础课',NULL,NULL,NULL,NULL),(144,'高等数学A(1)','50003552','数据科学与大数据技术',5,80,0,'必修','公共基础课',NULL,NULL,NULL,NULL),(145,'高等数学A(2)','50003080','数据科学与大数据技术',5,80,0,'必修','公共基础课',NULL,NULL,NULL,NULL),(146,'线性代数A','50003219','数据科学与大数据技术',3,48,0,'必修','公共基础课',NULL,NULL,NULL,NULL),(147,'概率论与数理统计A','50002094','数据科学与大数据技术',4,48,16,'必修','公共基础课',NULL,NULL,NULL,NULL),(148,'计算机网络','52000240','数据科学与大数据技术',3,32,16,'必修','公共基础课',NULL,NULL,NULL,'王晓林'),(149,'数据科学导论','51100823','数据科学与大数据技术',3,24,24,'必修','专业基础课',NULL,NULL,NULL,'代飞'),(150,'C语言程序设计','51100007','数据科学与大数据技术',4,32,32,'必修','专业基础课',NULL,NULL,NULL,'李俊萩'),(151,'Linux应用','50001198','数据科学与大数据技术',2,16,16,'必修','专业基础课',NULL,NULL,NULL,'王晓林'),(152,'数据结构','51100864','数据科学与大数据技术',4,48,16,'必修','专业基础课',NULL,NULL,NULL,'强振平'),(153,'Python数据处理','52000241','数据科学与大数据技术',4,32,32,'必修','专业基础课',NULL,NULL,NULL,'李俊萩'),(154,'专业英语','52000242','数据科学与大数据技术',2,32,0,'必修','专业基础课',NULL,NULL,NULL,NULL),(155,'离散数学','50001201','数据科学与大数据技术',3,48,0,'必修','专业基础课',NULL,NULL,NULL,'刑丽伟'),(156,'数据库基础与应用','52000243','数据科学与大数据技术',3,32,16,'必修','专业基础课',NULL,NULL,NULL,'鲁宁'),(157,'操作系统原理','52000244','数据科学与大数据技术',3,32,16,'必修','专业基础课',NULL,NULL,NULL,'王晓林'),(158,'文献检索及科技论文写作','52000223','数据科学与大数据技术',2,32,0,'必修','专业基础课',NULL,NULL,NULL,NULL),(159,'大数据平台技术','51100870','数据科学与大数据技术',3,32,16,'必修','专业核心课',NULL,NULL,NULL,'赵友杰'),(160,'数据仓库与数据挖掘','52000245','数据科学与大数据技术',4,48,16,'必修','专业核心课',NULL,NULL,NULL,'胡坤融'),(161,'数据可视化技术','52000246','数据科学与大数据技术',2,16,16,'必修','专业核心课',NULL,NULL,NULL,'熊飞'),(162,'机器学习','50001219','数据科学与大数据技术',4,48,16,'必修','专业核心课',NULL,NULL,NULL,'孙永科'),(163,'算法设计与分析','52000247','数据科学与大数据技术',3,32,16,'必修','专业核心课',NULL,NULL,NULL,'苗晟'),(164,'数据采集与网络爬虫','50002000','数据科学与大数据技术',3,32,16,'选修','专业特色课',NULL,NULL,NULL,'胡坤融'),(165,'图像大数据处理','51100359','数据科学与大数据技术',3,24,24,'选修','专业特色课',NULL,NULL,NULL,NULL),(166,'音频大数据处理','51100360','数据科学与大数据技术',3,24,24,'选修','专业特色课',NULL,NULL,NULL,NULL),(167,'自然语言处理','50002766','数据科学与大数据技术',3,24,24,'选修','专业特色课',NULL,NULL,NULL,NULL),(168,'林业大数据应用实践','51100876','数据科学与大数据技术',3,32,16,'选修','专业特色课',NULL,NULL,NULL,'胡坤融'),(169,'深度学习','52000271','数据科学与大数据技术',4,48,16,'选修','专业特色课',NULL,NULL,NULL,NULL),(170,'NoSQL数据库原理与应用','52000272','数据科学与大数据技术',3,32,16,'选修','专业特色课',NULL,NULL,NULL,NULL),(171,'面向对象程序设计','52000255','数据科学与大数据技术',3,24,24,'选修','专业特色课',NULL,NULL,NULL,'赵毅力'),(172,'Web程序开发','52000273','数据科学与大数据技术',3,32,16,'选修','专业特色课',NULL,NULL,NULL,'郭冉'),(173,'软件工程','52000274','数据科学与大数据技术',3,32,16,'选修','专业特色课',NULL,NULL,NULL,NULL),(174,'计算机组成原理','52000275','数据科学与大数据技术',3,48,16,'选修','专业特色课',NULL,NULL,NULL,'刑丽伟'),(175,'语音信号处理','50001269','数据科学与大数据技术',3,24,16,'选修','专业特色课',NULL,NULL,NULL,'吕丹桔'),(176,'数字图像处理','50000376','数据科学与大数据技术',3,24,0,'选修','专业特色课',NULL,NULL,NULL,'钟丽辉'),(177,'信息安全','51100856','数据科学与大数据技术',4,48,24,'选修','专业特色课',NULL,NULL,NULL,'胡坤融'),(178,'林业物联网应用','52000112','数据科学与大数据技术',3,32,16,'选修','专业特色课',NULL,NULL,NULL,'胡坤融'),(179,'智能终端开发','50001879','数据科学与大数据技术',3,24,16,'选修','专业特色课',NULL,NULL,NULL,NULL),(180,'智能终端开发','50001879','数据科学与大数据技术',3,24,24,'选修','专业特色课',NULL,NULL,NULL,NULL),(181,'军事技能','50002610','电子信息工程',2,0,114,'必修','专业集中性实践教学',NULL,NULL,NULL,NULL),(182,'思想政治理论课实践(1)','51700030','电子信息工程',2,0,60,'必修','专业集中性实践教学',NULL,NULL,NULL,NULL),(183,'思想政治理论课实践(2)','51700031','电子信息工程',2,0,60,'必修','专业集中性实践教学',NULL,NULL,NULL,NULL),(184,'思想政治理论课实践(3)','51700032','电子信息工程',2,0,60,'必修','专业集中性实践教学',NULL,NULL,NULL,NULL),(185,'思想政治理论课实践(4)','51700033','电子信息工程',2,0,60,'必修','专业集中性实践教学',NULL,NULL,NULL,NULL),(186,'思想政治理论课实践(5)','51700034','电子信息工程',2,0,60,'必修','专业集中性实践教学',NULL,NULL,NULL,NULL),(187,'思想政治理论课实践(6)','51700035','电子信息工程',2,0,60,'必修','专业集中性实践教学',NULL,NULL,NULL,NULL),(188,'电子仪器使用规范','50003239','电子信息工程',0.5,0,18,'必修','专业集中性实践教学',NULL,NULL,NULL,'秦明明'),(189,'电路分析课程设计','52000259','电子信息工程',0.5,0,18,'必修','专业集中性实践教学',NULL,NULL,NULL,'张宏翔'),(190,'C语言程序设计课程设计','52000232','电子信息工程',0.5,0,18,'必修','专业集中性实践教学',NULL,NULL,NULL,'李俊萩'),(191,'模拟电子技术课程设计','52000260','电子信息工程',0.5,0,18,'必修','专业集中性实践教学',NULL,NULL,NULL,'荣剑'),(192,'电子电工及仿真综合设计','52000261','电子信息工程',2,0,60,'必修','专业集中性实践教学',NULL,NULL,NULL,'荣剑'),(193,'信号与系统课程设计','52000262','电子信息工程',0.5,0,18,'必修','专业集中性实践教学',NULL,NULL,NULL,'鲁莹'),(194,'单片机原理与接口技术课程设计','52000263','电子信息工程',0.5,0,18,'必修','专业集中性实践教学',NULL,NULL,NULL,'李俊萩'),(195,'可编程器件开发EDA课程设计','52000264','电子信息工程',0.5,0,18,'必修','专业集中性实践教学',NULL,NULL,NULL,'杨鹏宇'),(196,'数字信号处理课程设计','52000265','电子信息工程',0.5,0,18,'必修','专业集中性实践教学',NULL,NULL,NULL,'吕丹桔'),(197,'信号采集系统综合设计','52000266','电子信息工程',2,0,60,'必修','专业集中性实践教学',NULL,NULL,NULL,'吕丹桔'),(198,'嵌入式系统课程设计','52000267','电子信息工程',0.5,0,18,'必修','专业集中性实践教学',NULL,NULL,NULL,'苗晟'),(199,'电子信息系统综合设计','52000268','电子信息工程',2,0,60,'必修','专业集中性实践教学',NULL,NULL,NULL,'李俊萩'),(200,'工程实习','52000269','电子信息工程',2,0,60,'必修','专业集中性实践教学',NULL,NULL,NULL,'学院'),(201,'毕业实习及毕业论文','52000239','电子信息工程',15,0,600,'必修','专业集中性实践教学',NULL,NULL,NULL,'吕丹桔'),(202,'个性化发展','52000150','电子信息工程',2,0,60,'必修','专业集中性实践教学',NULL,NULL,NULL,'荣剑'),(203,'大学生职业生涯规划','50000554','电子信息工程',1,16,0,'必修','专业素质教育',NULL,NULL,NULL,'学院'),(204,'大学生创新创业基础','50000002','电子信息工程',2,32,0,'必修','专业素质教育',NULL,NULL,NULL,'学院'),(205,'就业指导','50002701','电子信息工程',2,32,0,'必修','专业素质教育',NULL,NULL,NULL,'学院'),(206,'大学生心理健康教育','59900431','电子信息工程',2,32,0,'必修','专业素质教育',NULL,NULL,NULL,'学院'),(207,'生态文明教育','50001006','电子信息工程',1,16,0,'必修','专业素质教育',NULL,NULL,NULL,'学院'),(208,'劳动教育','50001012','电子信息工程',1,32,0,'必修','专业素质教育',NULL,NULL,NULL,'学院'),(209,'军事技能','50002610','计算机科学与技术',2,0,114,'必修','专业集中性实践教学',NULL,NULL,NULL,NULL),(210,'思想政治理论课实践(1)','51700030','计算机科学与技术',2,0,60,'必修','专业集中性实践教学',NULL,NULL,NULL,NULL),(211,'思想政治理论课实践(2)','51700031','计算机科学与技术',2,0,60,'必修','专业集中性实践教学',NULL,NULL,NULL,NULL),(212,'思想政治理论课实践(3)','51700032','计算机科学与技术',2,0,60,'必修','专业集中性实践教学',NULL,NULL,NULL,NULL),(213,'思想政治理论课实践(4)','51700033','计算机科学与技术',2,0,60,'必修','专业集中性实践教学',NULL,NULL,NULL,NULL),(214,'思想政治理论课实践(5)','51700034','计算机科学与技术',2,0,60,'必修','专业集中性实践教学',NULL,NULL,NULL,NULL),(215,'思想政治理论课实践(6)','51700035','计算机科学与技术',2,0,60,'必修','专业集中性实践教学',NULL,NULL,NULL,NULL),(216,'C语言程序设计课程设计','52000232','计算机科学与技术',0.5,0,18,'必修','专业集中性实践教学',NULL,NULL,NULL,'强振平'),(217,'数据结构课程设计','52000233','计算机科学与技术',1,0,30,'必修','专业集中性实践教学',NULL,NULL,NULL,'强振平'),(219,'UI设计课程设计','52000234','计算机科学与技术',1,0,30,'必修','专业集中性实践教学',NULL,NULL,NULL,'幸宏'),(220,'计算机网络课程设计','52000235','计算机科学与技术',0.5,0,18,'必修','专业集中性实践教学',NULL,NULL,NULL,'王晓林'),(221,'Web程序设计课程设计','52000236','计算机科学与技术',1,0,30,'必修','专业集中性实践教学',NULL,NULL,NULL,'郭冉'),(222,'软件系统设计综合设计','52000237','计算机科学与技术',2,0,60,'必修','专业集中性实践教学',NULL,NULL,NULL,'张宏伟'),(223,'数据处理综合设计','52000238','计算机科学与技术',3,0,90,'必修','专业集中性实践教学',NULL,NULL,NULL,'强振平'),(224,'工程实践','52000269','计算机科学与技术',2,0,60,'必修','专业集中性实践教学',NULL,NULL,NULL,NULL),(225,'毕业实习及毕业论文','52000239','计算机科学与技术',15,0,600,'必修','专业集中性实践教学',NULL,NULL,NULL,NULL),(226,'个性化发展','52000150','计算机科学与技术',2,0,0,'必修','专业集中性实践教学',NULL,NULL,NULL,NULL),(227,'大学生职业生涯规划','50000554','计算机科学与技术',1,16,0,'必修','专业素质教育',NULL,NULL,NULL,NULL),(228,'大学生创新创业基础','50000002','计算机科学与技术',2,32,0,'必修','专业素质教育',NULL,NULL,NULL,NULL),(229,'就业指导','50002701','计算机科学与技术',2,32,0,'必修','专业素质教育',NULL,NULL,NULL,NULL),(230,'大学生心理健康教育','49900022','计算机科学与技术',2,32,0,'必修','专业素质教育',NULL,NULL,NULL,NULL),(231,'生态文明教育','50001006','计算机科学与技术',1,16,0,'必修','专业素质教育',NULL,NULL,NULL,NULL),(232,'劳动教育','50001012','计算机科学与技术',1,32,0,'必修','专业素质教育',NULL,NULL,NULL,NULL),(233,'军事技能','50002610','数据科学与大数据技术',2,0,114,'必修','专业集中性实践教学',NULL,NULL,NULL,NULL),(234,'思想政治理论课实践(1)','51700030','数据科学与大数据技术',2,0,60,'必修','专业集中性实践教学',NULL,NULL,NULL,NULL),(235,'思想政治理论课实践(2)','51700031','数据科学与大数据技术',2,0,60,'必修','专业集中性实践教学',NULL,NULL,NULL,NULL),(236,'思想政治理论课实践(3)','51700032','数据科学与大数据技术',2,0,60,'必修','专业集中性实践教学',NULL,NULL,NULL,NULL),(237,'思想政治理论课实践(4)','51700033','数据科学与大数据技术',2,0,60,'必修','专业集中性实践教学',NULL,NULL,NULL,NULL),(238,'思想政治理论课实践(5)','51700034','数据科学与大数据技术',2,0,60,'必修','专业集中性实践教学',NULL,NULL,NULL,NULL),(239,'思想政治理论课实践(6)','51700035','数据科学与大数据技术',2,0,60,'必修','专业集中性实践教学',NULL,NULL,NULL,NULL),(240,'毕业实习及毕业论文','52000239','数据科学与大数据技术',15,0,600,'必修','专业集中性实践教学',NULL,NULL,NULL,NULL),(241,'C语言程序设计课程设计','52000276','数据科学与大数据技术',1,0,30,'必修','专业集中性实践教学',NULL,NULL,NULL,NULL),(242,'数据结构课程设计','52000233','数据科学与大数据技术',1,0,30,'必修','专业集中性实践教学',NULL,NULL,NULL,'强振平'),(243,'Python数据处理课程设计','52000277','数据科学与大数据技术',1,0,30,'必修','专业集中性实践教学',NULL,NULL,NULL,NULL),(244,'数据库基础与应用课程设计','52000278','数据科学与大数据技术',1,0,30,'必修','专业集中性实践教学',NULL,NULL,NULL,'鲁宁'),(245,'数据采集与开发综合设计','','数据科学与大数据技术',2,0,60,'必修','专业集中性实践教学',NULL,NULL,NULL,NULL),(246,'大数据复杂工程综合设计','','数据科学与大数据技术',2,0,60,'必修','专业集中性实践教学',NULL,NULL,NULL,NULL),(247,'工程实习','','数据科学与大数据技术',2,0,60,'必修','专业集中性实践教学',NULL,NULL,NULL,NULL),(248,'大数据平台技术课程设计','','数据科学与大数据技术',1,0,30,'必修','专业集中性实践教学',NULL,NULL,NULL,NULL),(249,'数据仓库与数据挖掘课程设计','','数据科学与大数据技术',1,0,30,'必修','专业集中性实践教学',NULL,NULL,NULL,NULL),(250,'机器学习课程设计','','数据科学与大数据技术',1,0,30,'必修','专业集中性实践教学',NULL,NULL,NULL,'孙永科'),(251,'大数据创新综合设计','','数据科学与大数据技术',1,0,30,'必修','专业集中性实践教学',NULL,NULL,NULL,NULL),(253,'个性化发展','52000150','数据科学与大数据技术',2,0,0,'必修','专业集中性实践教学',NULL,NULL,NULL,NULL),(254,'大学生心理健康教育','49900022','数据科学与大数据技术',2,32,0,'必修','专业素质教育',NULL,NULL,NULL,NULL),(255,'大学生职业生涯规划','50000554','数据科学与大数据技术',1,16,0,'必修','专业素质教育',NULL,NULL,NULL,NULL),(256,'大学生创新创业基础','50000002','数据科学与大数据技术',2,32,0,'必修','专业素质教育',NULL,NULL,NULL,NULL),(257,'就业指导','50002701','数据科学与大数据技术',2,32,0,'必修','专业素质教育',NULL,NULL,NULL,NULL),(258,'生态文明教育','50001006','数据科学与大数据技术',1,16,0,'必修','专业素质教育',NULL,NULL,NULL,NULL);
/*!40000 ALTER TABLE `course_syllabus_information` ENABLE KEYS */;
UNLOCK TABLES;

--
-- Table structure for table `course_target`
--

DROP TABLE IF EXISTS `course_target`;
/*!40101 SET @saved_cs_client     = @@character_set_client */;
/*!40101 SET character_set_client = utf8 */;
CREATE TABLE `course_target` (
  `id` int(11) NOT NULL AUTO_INCREMENT,
  `course_id` int(11) NOT NULL,
  `course_name` varchar(30) NOT NULL,
  `target_name` varchar(10) NOT NULL,
  `weight` double DEFAULT '0',
  `course_target` text NOT NULL,
  `path_ways` text NOT NULL,
  `indicator_points` text NOT NULL,
  `evaluation_method` text NOT NULL,
  PRIMARY KEY (`id`),
  KEY `course_basic_information_id` (`course_id`),
  CONSTRAINT `course_basic_information_id` FOREIGN KEY (`course_id`) REFERENCES `course_basic_information` (`id`) ON DELETE CASCADE ON UPDATE CASCADE
) ENGINE=InnoDB AUTO_INCREMENT=63 DEFAULT CHARSET=utf8;
/*!40101 SET character_set_client = @saved_cs_client */;

--
-- Dumping data for table `course_target`
--

LOCK TABLES `course_target` WRITE;
/*!40000 ALTER TABLE `course_target` DISABLE KEYS */;
INSERT INTO `course_target` VALUES (4,6,'c语言程序设计','课程目标1',0,'aaaaaaaaaaadasdasd','1232dadXzcscascdfsdasadsadasdad','[\"选项1\",\"选项2\"]','[\"考试\",\"作业\"]'),(5,4,'概率论','课程目标1',0,'wdaeasdasdasd','asdasd','[\"选项2\",\"选项3\",\"选项4\",\"选项5\"]','[\"考试\",\"作业\"]'),(6,6,'c语言程序设计','课程目标2',0,'edadsadaczcweqwedad阿达是大大','大赛大赛大大','[\"选项1\",\"选项2\",\"选项3\",\"选项4\",\"选项5\"]','[\"考试\",\"作业\"]'),(8,2,'线性代数','课程目标1',0,'阿三打是大势打豆豆','是大大是大大的','[\"选项1\",\"选项2\",\"选项4\"]','[\"考试\",\"作业\"]'),(9,1,'高数(必修)','课程目标1',0,'阿斯顿焚膏继晷语序虚词是大扫除','asadadadadaxzcvvdffgdg','[\"指标点1.1\",\"指标点1.2\",\"指标点5.2\",\"指标点2.1\"]','[\"考试\",\"作业\"]'),(10,8,'高数','课程目标1',0,'asdadadada','adsadad','[\"选项1\",\"选项2\",\"选项3\",\"选项4\"]','[\"考试\",\"作业\"]'),(11,10,'编译原理','课程目标1',0,'啊哈三大件啊电大数据','鹅发啊是大大的','[\"指标点1.1\",\"指标点1.2\"]','[\"考试\",\"作业\"]'),(12,10,'编译原理','课程目标2',0,'掌握运用Python编程方法，能对连续信号和离散信号进行表示和运算；','掌握运用Python编程方法，能对连续信号和离散信号进行表示和运算；','[\"指标点1.1\",\"指标点5.2\"]','[\"考试\"]'),(13,10,'编译原理','课程目标3',0,'学习掌握Python语言和Python开发工具，能针对控制工程和电路系统中问题，进行系统分析、计算和设计。','学习掌握Python语言和Python开发工具，能针对控制工程和电路系统中问题，进行系统分析、计算和设计。','[\"指标点1.1\",\"指标点1.2\"]','[\"考试\",\"作业\"]'),(15,12,'信号与系统','课程目标1',0.2,'理解信号的特征、分类，理解系统的描述和分类，掌握信号的运算和连续时不变系统的性质和判断','通过课堂讲授、作业和考研题探讨方式，让学生理解和掌握信号、系统性质和运算','[\"1.1\"]','[\"考试\",\"作业\"]'),(16,12,'信号与系统','课程目标2',0.3,'掌握信号、线性系统的时域特征，建立电路等系统的时域数学模型，能应用时域分析方法（卷积积分）分析线性时不变系统','通过课堂讲授、作业和考研题探讨方式，让学生理解和掌握线性时不变系统的时域分析方法','[\"1.2\"]','[\"考试\",\"作业\"]'),(17,12,'信号与系统','课程目标3',0.3,'掌握信号、线性系统的频域特征，建立电路等系统的频域数学模型，能应用频域分析方法（傅里叶级数、傅里叶变换）分析线性时不变系统','通过课堂讲授、作业和考研题探讨方式，让学生理解和掌握线性时不变系统的频域分析方法','[\"1.2\"]','[\"考试\",\"作业\"]'),(18,12,'信号与系统','课程目标4',0.1,'掌握拉普拉斯变换，理解信号、系统的复频域特征，建立电路等系统的复频域数学模型，能应用复频域分析方法（拉普拉斯变换）分析线性时不变系统','通过课堂讲授、作业和考研题探讨方式，让学生理解和掌握线性时不变系统的s域分析方法','[\"1.2\"]','[\"考试\",\"作业\"]'),(19,12,'信号与系统','课程目标5',0.1,'掌握z变换，理解信号、系统的z域特征，建立电路等系统的z域数学模型，能应用z域分析方法分析离散线性时不变系统','通过课堂讲授、作业和考研题探讨方式，让学生理解和掌握线性时不变系统的z域分析方法','[\"1.2\"]','[\"考试\",\"作业\"]'),(22,7,'JAVA程序设计','课程目标1',0,'1','1','[\"指标点1.1\"]','[\"考试\"]'),(23,14,'test','课程目标1',0,'任务恶气万恶企鹅器','213123','[\"1.1\",\"1.2\",\"1.3\"]','[\"考试\",\"作业\"]'),(24,14,'test','课程目标2',0,'阿三发射的发挥好热吻','1231','[\"2.1\",\"1.2\",\"1.4\"]','[\"作业\",\"考试\"]'),(25,14,'test','课程目标3',0,'法尔二维二维二','1231','[\"1.2\",\"1.3\",\"1.4\"]','[\"考试\",\"作业\"]'),(26,14,'test','课程目标4',0,'费收费沙发上访问','大啊大','[\"1.1\",\"1.3\",\"1.4\"]','[\"作业\",\"考试\"]'),(27,14,'test','课程目标5',0,'大法官大概的个大概','ewef','[\"1.2\",\"2.1\",\"2.2\"]','[\"考试\",\"作业\"]'),(29,14,'C语言程序设计','课程目标6',0,'2131231哇塞大道','123','[\"1.1\",\"1.2\",\"1.3\",\"2.2\",\"2.1\",\"1.4\"]','[\"考试\",\"作业\"]'),(30,11,'这是一条很长的测试数据','课程目标1',123,'1231','123','[\"2.2\"]','[\"考试\"]'),(31,11,'这是一条很长的测试数据','课程目标2',13,'13','','[\"2.2\"]','[\"考试\"]'),(42,4,'概率论','课程目标2',1,'1','1','[\"指标点1.2\"]','[\"考试\",\"作业\"]'),(43,90,'C语言程序设计','课程目标1',0.1,'12121212','1221','[\"1.1\"]','[\"考试\",\"作业\",\"论文\"]'),(44,90,'C语言程序设计','课程目标3',12,'12','12','[\"1.1\"]','[\"考试\"]'),(45,90,'C语言程序设计','课程目标2',0.2,'1212','1212','[\"1.1\"]','[\"考试\"]'),(47,90,'C语言程序设计','课程目标4',21,'12','12','[\"1.1\"]','[\"考试\"]'),(48,2,'','课程目标2',0.21,'231231312','213dd','[\"指标点1.1\",\"指标点1.2\",\"指标点5.2\"]','[\"考试\"]'),(49,216,'C语言程序设计课程设计','课程目标1',0.4,'gds','gdf','[\"1.2\"]','[\"报告\"]'),(50,216,'C语言程序设计课程设计','课程目标2',0.3,'gdfs','gs','[\"12.2\"]','[\"报告\"]'),(51,216,'C语言程序设计课程设计','课程目标3',0.3,'gsd','g','[\"10.3\"]','[\"报告\"]'),(52,51,'','课程目标1',0.2,'通过XXX实现XXX','通过XXX实现XXX','[\"1.4\",\"2.3\",\"2.1\"]','[\"考试\",\"作业\",\"报告\"]'),(53,51,'','课程目标2',0.3,'通过XXX实现XXX','通过XXX实现XXX','[\"1.4\",\"2.3\",\"2.1\",\"1.1\"]','[\"作业\",\"报告\"]'),(54,51,'','课程目标3',0.3,'通过XXX实现XXX','通过XXX实现XXX','[\"1.1\",\"1.2\",\"2.1\"]','[\"作业\",\"论文\",\"实验\"]'),(55,51,'','课程目标4',0.2,'通过XXX实现XXX','通过XXX实现XXX','[\"2.1\",\"1.2\"]','[\"考试\",\"作业\"]'),(56,48,'','课程目标1',0.1,'理解信息量、信道容量和系统的有效性、可靠性的概念、传输速率及信息量的计算方法','通过课堂讲授、作业和应用探讨方式，让学生理解和掌握通信基本概念和信息量的计算方法','[\"1.1\",\"1.3\"]','[\"考试\",\"作业\"]'),(57,48,'通信原理','课程目标2',0.1,'了解信息理论基础知识、信道传输概念，掌握信道传递信息的衡量方法','了解信息理论基础知识、信道传输概念，掌握信道传递信息的衡量方法','[\"1.1\"]','[\"考试\",\"作业\"]'),(58,48,'通信原理','课程目标3',0.2,'了解信息理论基础知识、信道传输概念，掌握信道传递信息的衡量方法','了解信息理论基础知识、信道传输概念，掌握信道传递信息的衡量方法','[\"1.1\"]','[\"考试\",\"作业\"]'),(59,48,'通信原理','课程目标4',0.3,'了解信息理论基础知识、信道传输概念，掌握信道传递信息的衡量方法','了解信息理论基础知识、信道传输概念，掌握信道传递信息的衡量方法','[\"1.3\"]','[\"考试\",\"作业\"]'),(60,48,'通信原理','课程目标5',0.3,'了解信息理论基础知识、信道传输概念，掌握信道传递信息的衡量方法','了解信息理论基础知识、信道传输概念，掌握信道传递信息的衡量方法','[\"1.1\"]','[\"考试\",\"作业\"]'),(61,90,'','课程目标5',12,'123123','13','[\"1.3\"]','[\"作业\",\"报告\"]'),(62,90,'','课程目标6',1,'qadadsa','123','[\"1.2\"]','[\"报告\"]');
/*!40000 ALTER TABLE `course_target` ENABLE KEYS */;
UNLOCK TABLES;

--
-- Table structure for table `course_target_analyse`
--

DROP TABLE IF EXISTS `course_target_analyse`;
/*!40101 SET @saved_cs_client     = @@character_set_client */;
/*!40101 SET character_set_client = utf8 */;
CREATE TABLE `course_target_analyse` (
  `id` int(11) NOT NULL AUTO_INCREMENT,
  `course_id` int(11) NOT NULL,
  `target_name` varchar(10) NOT NULL,
  `value` int(5) NOT NULL,
  `matrix` varchar(1000) NOT NULL,
  PRIMARY KEY (`id`)
) ENGINE=InnoDB AUTO_INCREMENT=59 DEFAULT CHARSET=utf8;
/*!40101 SET character_set_client = @saved_cs_client */;

--
-- Dumping data for table `course_target_analyse`
--

LOCK TABLES `course_target_analyse` WRITE;
/*!40000 ALTER TABLE `course_target_analyse` DISABLE KEYS */;
INSERT INTO `course_target_analyse` VALUES (1,12,'指标点 1.1',17,'[true,true,false,true,false,true,false,false,false,false,false,false,false,false,false,true,false,false,false,true,true,false,false,false,false,false,false,false,false,false]'),(2,12,'指标点 1.2',82,'[false,false,true,false,true,false,true,false,true,true,true,true,true,true,true,false,true,true,true,false,false,true,true,true,true,true,true,true,true,true]'),(3,12,'指标点 2.1',26,'[false,false,false,false,false,false,false,false,false,true,true,false,false,true,false,false,false,false,false,false,false,false,false,false,false,false,false,true,true,false]'),(4,12,'课程目标1',17,'[true,true,false,true,false,true,false,false,false,false,false,false,false,false,false,true,false,false,false,true,true,false,false,false,false,false,false,false,false,false]'),(5,12,'课程目标2',22,'[false,false,true,false,false,false,true,true,false,false,false,false,false,false,false,false,false,false,false,true,false,true,true,false,false,false,false,false,false,true]'),(6,12,'课程目标3',42,'[false,false,false,false,true,false,false,false,true,false,false,true,true,false,true,false,true,true,true,true,false,false,false,true,true,true,true,false,false,false]'),(7,12,'课程目标4',19,'[false,false,false,false,false,false,false,false,false,true,true,false,false,false,false,false,false,false,false,false,false,false,false,false,false,false,false,true,false,false]'),(8,12,'课程目标5',10,'[false,false,false,false,false,false,false,false,false,false,false,false,false,true,false,false,false,false,false,true,false,false,false,false,false,false,false,false,true,false]'),(10,10,'指标点 1.1',64,'[true,true,true,false,false,true,true,false,true,true,false,true,true,true,true,false,true]'),(11,10,'指标点 2.1',52,'[true,false,false,true,true,false,true,true,false,false,true,true,false,true,false,true,false]'),(12,10,'课程目标1',58,'[true,true,true,true,false,true,true,true,true,false,false,true,true,false,true,true,false]'),(13,10,'课程目标2',63,'[true,true,true,false,true,false,true,true,true,false,true,true,false,true,true,false,true]'),(14,10,'课程目标3',29,'[false,true,true,false,false,false,false,false,true,true,false,true,true,false,false,false,true]'),(15,12,'指标点 1.3',0,'[false,false,false,false,false,false,false,false,false,false,false,false,false,false,false,false,false,false,false,false,false,false,false,false,false,false,false,false,false,false]'),(16,14,'指标点 1.1',36,'[true,true,false,true,false,false,false,false,false,false,true,false,true,true,true,false,true,false,true,false,true,false,false,false,false,false,false,true,false,true,false,false,false,false,false,false,false,false,false,false]'),(17,14,'指标点 1.2',56,'[false,false,true,false,true,true,true,true,true,false,true,true,true,false,false,true,true,true,false,true,true,true,false,false,true,true,false,false,true,false,false,false,false,false,false,false,false,false,false,false]'),(18,14,'指标点 1.3',54,'[true,true,true,true,true,true,true,false,false,false,false,true,false,true,false,true,true,false,false,true,false,true,false,false,false,true,true,false,true,true,false,false,false,false,false,false,false,false,false,false]'),(19,14,'指标点 1.4',56,'[true,true,true,false,false,false,true,false,false,true,true,true,true,false,true,false,true,true,true,true,true,false,true,true,false,true,true,false,false,false,false,false,false,false,false,false,false,false,false,false]'),(20,14,'指标点 2.1',44,'[true,false,false,true,true,true,true,false,false,false,false,true,true,true,false,true,false,false,true,false,false,false,false,true,true,false,true,true,false,false,false,false,false,false,false,false,false,false,false,false]'),(21,14,'指标点 2.2',36,'[true,false,true,true,false,true,true,false,false,false,false,false,false,true,true,true,false,true,false,false,false,true,true,false,false,false,false,false,true,false,false,false,false,false,false,false,false,false,false,false]'),(22,14,'课程目标1',60,'[true,false,false,true,true,true,true,false,false,true,true,true,true,true,true,true,true,true,false,true,false,true,false,false,false,true,true,false,true,true,false,false,false,false,false,false,false,false,false,false]'),(23,14,'课程目标2',18,'[true,true,false,false,false,true,true,false,false,false,false,false,false,true,true,false,false,false,false,false,false,false,false,false,true,false,false,false,false,false,false,false,false,false,false,false,false,false,false,false]'),(24,14,'课程目标3',70,'[true,false,true,false,true,true,true,false,false,true,true,true,true,true,true,true,true,false,false,true,true,true,false,false,false,true,true,true,true,true,false,false,false,false,false,false,false,false,false,false]'),(25,14,'课程目标4',50,'[true,true,true,true,false,true,true,false,false,false,false,false,true,false,false,false,true,true,true,false,true,false,true,true,false,false,true,false,false,true,false,false,false,false,false,false,false,false,false,false]'),(26,14,'课程目标5',54,'[true,true,true,false,true,true,true,false,false,true,false,true,true,true,false,true,false,false,true,false,true,true,false,true,false,true,true,false,false,false,false,false,false,false,false,false,false,false,false,false]'),(27,14,'课程目标6',30,'[true,false,false,false,false,false,false,true,true,false,false,false,false,false,true,false,false,false,true,true,false,false,false,true,false,false,false,true,false,true,false,false,false,false,false,false,false,false,false,false]'),(28,1,'指标点 指标点1.1',28,'[true,true,true,true]'),(29,1,'指标点 指标点1.2',12,'[false,false,true,false]'),(30,1,'课程目标1',28,'[true,true,true,true]'),(31,7,'指标点 指标点1.1',0,'[false,false,false,false,false,false,false,false,false,false]'),(32,7,'指标点 指标点1.2',0,'[false,false,false,false,false,false,false,false,false,false]'),(33,7,'指标点 指标点5.2',0,'[false,false,false,false,false,false,false,false,false,false]'),(34,7,'指标点 指标点2.1',0,'[false,false,false,false,false,false,false,false,false,false]'),(35,7,'课程目标1',0,'[false,false,false,false,false,false,false,false,false,false]'),(36,216,'指标点 1.2',50,'[true,false]'),(37,216,'指标点 12.2',100,'[true,true]'),(38,216,'指标点 10.3',50,'[false,true]'),(39,216,'课程目标1',50,'[true,false]'),(40,216,'课程目标2',50,'[false,true]'),(41,216,'课程目标3',100,'[true,true]'),(42,51,'指标点 1.4',90,'[true,false,true]'),(43,51,'指标点 2.3',100,'[true,true,true]'),(44,51,'指标点 2.1',60,'[true,true,false]'),(45,51,'指标点 1.2',60,'[true,true,false]'),(46,51,'指标点 1.1',60,'[true,true,false]'),(47,51,'课程目标1',100,'[true,true,true]'),(48,51,'课程目标2',60,'[true,true,false]'),(49,51,'课程目标3',100,'[true,true,true]'),(50,51,'课程目标4',90,'[true,false,true]'),(51,48,'指标点 1.1',0,'[false,false,false,false,false,false,false,false,false,false,false,false,false,false,false,false,false,false,false,false,false,false,false,false,false,false,false,false]'),(52,48,'指标点 1.3',0,'[false,false,false,false,false,false,false,false,false,false,false,false,false,false,false,false,false,false,false,false,false,false,false,false,false,false,false,false]'),(53,48,'指标点 1.4',0,'[false,false,false,false,false,false,false,false,false,false,false,false,false,false,false,false,false,false,false,false,false,false,false,false,false,false,false,false]'),(54,48,'课程目标1',0,'[false,false,false,false,false,false,false,false,false,false,false,false,false,false,false,false,false,false,false,false,false,false,false,false,false,false,false,false]'),(55,48,'课程目标2',0,'[false,false,false,false,false,false,false,false,false,false,false,false,false,false,false,false,false,false,false,false,false,false,false,false,false,false,false,false]'),(56,48,'课程目标3',0,'[false,false,false,false,false,false,false,false,false,false,false,false,false,false,false,false,false,false,false,false,false,false,false,false,false,false,false,false]'),(57,48,'课程目标4',0,'[false,false,false,false,false,false,false,false,false,false,false,false,false,false,false,false,false,false,false,false,false,false,false,false,false,false,false,false]'),(58,48,'课程目标5',0,'[false,false,false,false,false,false,false,false,false,false,false,false,false,false,false,false,false,false,false,false,false,false,false,false,false,false,false,false]');
/*!40000 ALTER TABLE `course_target_analyse` ENABLE KEYS */;
UNLOCK TABLES;

--
-- Table structure for table `exam_paper_analyse_report`
--

DROP TABLE IF EXISTS `exam_paper_analyse_report`;
/*!40101 SET @saved_cs_client     = @@character_set_client */;
/*!40101 SET character_set_client = utf8 */;
CREATE TABLE `exam_paper_analyse_report` (
  `course_id` int(11) NOT NULL,
  `exam_paper_situation_analyse` text,
  `improvement_actions` text,
  `course_teaching_summary` text,
  `reform_assumption` text,
  PRIMARY KEY (`course_id`),
  CONSTRAINT `课程关联` FOREIGN KEY (`course_id`) REFERENCES `course_basic_information` (`id`) ON DELETE CASCADE ON UPDATE CASCADE
) ENGINE=InnoDB DEFAULT CHARSET=utf8;
/*!40101 SET character_set_client = @saved_cs_client */;

--
-- Dumping data for table `exam_paper_analyse_report`
--

LOCK TABLES `exam_paper_analyse_report` WRITE;
/*!40000 ALTER TABLE `exam_paper_analyse_report` DISABLE KEYS */;
INSERT INTO `exam_paper_analyse_report` VALUES (11,'asdadadzxc散发的杜甫飒飒',NULL,NULL,NULL),(12,'sdfsf阿三打急啊哈达空间啊基础能执行埋藏在基础\n\n\n阿达大大非递归户口也突然hfghfcvcbvn大法官大法官的','asdaadsadadxcfdgtjuyiuoi；oiuyrtrwdsdfsd方式发发士大夫是否','本课程教学内容紧扣教学大纲，教学进度合适，基本应用和实践应用结合教授。\n本课程教学主要多媒体教学。多媒体教学能将丰富的电子课件和网络知识更系统清晰的传达给学生。\n本课程教学过程中最大问题为教学实验内容多，实验内容难度多，而且要准备的实验器材比较杂，实验不太好准备。\n\n本课程教学内容紧扣教学大纲，教学进度合适，基本应用和实践应用结合教授。\n本课程教学主要多媒体教学。多媒体教学能将丰富的电子课件和网络知识更系统清晰的传达给学生。\n本课程教学过程中最大问题为教学实验内容多，实验内容难度多，而且要准备的实验器材比较杂，实验不太好准备。\n\n本课程教学内容紧扣教学大纲，教学进度合适，基本应用和实践应用结合教授。\n本课程教学主要多媒体教学。多媒体教学能将丰富的电子课件和网络知识更系统清晰的传达给学生。\n本课程教学过程中最大问题为教学实验内容多，实验内容难度多，而且要准备的实验器材比较杂，实验不太好准备。\n\n本课程教学内容紧扣教学大纲，教学进度合适，基本应用和实践应用结合教授。\n本课程教学主要多媒体教学。多媒体教学能将丰富的电子课件和网络知识更系统清晰的传达给学生。\n本课程教学过程中最大问题为教学实验内容多，实验内容难度多，而且要准备的实验器材比较杂，实验不太好准备。','本课程教学内容紧扣教学大纲，教学进度合适，基本应用和实践应用结合教授。\n本课程教学主要多媒体教学。多媒体教学能将丰富的电子课件和网络知识更系统清晰的传达给学生。\n本课程教学过程中最大问题为教学实验内容多，实验内容难度多，而且要准备的实验器材比较杂，实验不太好准备。\n\n本课程教学内容紧扣教学大纲，教学进度合适，基本应用和实践应用结合教授。\n本课程教学主要多媒体教学。多媒体教学能将丰富的电子课件和网络知识更系统清晰的传达给学生。\n本课程教学过程中最大问题为教学实验内容多，实验内容难度多，而且要准备的实验器材比较杂，实验不太好准备。'),(14,NULL,'',NULL,NULL),(51,'',NULL,NULL,NULL);
/*!40000 ALTER TABLE `exam_paper_analyse_report` ENABLE KEYS */;
UNLOCK TABLES;

--
-- Table structure for table `indicator_outline`
--

DROP TABLE IF EXISTS `indicator_outline`;
/*!40101 SET @saved_cs_client     = @@character_set_client */;
/*!40101 SET character_set_client = utf8 */;
CREATE TABLE `indicator_outline` (
  `id` int(11) NOT NULL AUTO_INCREMENT,
  `name` text NOT NULL,
  `content` text,
  PRIMARY KEY (`id`)
) ENGINE=InnoDB AUTO_INCREMENT=13 DEFAULT CHARSET=utf8;
/*!40101 SET character_set_client = @saved_cs_client */;

--
-- Dumping data for table `indicator_outline`
--

LOCK TABLES `indicator_outline` WRITE;
/*!40000 ALTER TABLE `indicator_outline` DISABLE KEYS */;
INSERT INTO `indicator_outline` VALUES (1,'1.工程知识','能够将数学、自然科 学、工程基础和电子信息专业知识 用于解决复杂工程问题'),(2,'2.问题分析','能够应用数学、自然 科学和电子信息领域工程科学的 基本原理，识别、表达、并通过文 献研究分析复杂工程问题，以获得 有效结论'),(3,'3.设计/开发解决方案','能够设计针对电子信息领域复杂工程问题的解决方案'),(4,'4.研究','能够基于科学原理并采 用科学方法对电子信息领域复杂 工程问题进行研究，包括设计实 验、分析与解释数据、并通过信息 综合得到合理有效的结论'),(5,'5.使用现代工具','能够针对电子信 息领域复杂工程问题，开发、选择 与使用恰当的技术、资源、现代工 程工具和信息技术工具，包括对复 杂工程问题的预测与模拟'),(6,'6.工程与社会','能够基于电子信息 工程相关背景知识进行合理分析， 评价电子信息专业工程实践和复 杂工程问题解决方案对社会、健 康、安全、法律以及文化的影响， 并理解应承担的责任'),(7,'7.环境和可持续发展','能够理解和 评价针对电子信息领域复杂工程 问题的工程实践对环境、社会可持 续发展的影响'),(8,'8.职业规范','具有人文社会科学素 养、社会责任感，能够在电子信息 领域工程实践中理解并遵守工程 职业道德和规范，履行责任'),(9,'9.个人和团队','能够在电子信息等 多学科背景下的团队中承担个体、 团队成员以及负责人的角色'),(10,'10.沟通','能够就复杂工程问题与 电子信息业界同行及社会公众进 行有效沟通和交流'),(11,'11.项目管理','理解并掌握电子信 息工程管理原理与经济决策方 法，并能在多学科环境中应用'),(12,'12.终身学习','具有自主学习和终 身学习的意识，有不断学习和适应 电子信息领域发展的能力');
/*!40000 ALTER TABLE `indicator_outline` ENABLE KEYS */;
UNLOCK TABLES;

--
-- Table structure for table `indicators`
--

DROP TABLE IF EXISTS `indicators`;
/*!40101 SET @saved_cs_client     = @@character_set_client */;
/*!40101 SET character_set_client = utf8 */;
CREATE TABLE `indicators` (
  `id` int(11) NOT NULL AUTO_INCREMENT,
  `indicator_index` int(11) NOT NULL,
  `indicator_name` varchar(20) NOT NULL,
  `indicator_content` text NOT NULL,
  `major` varchar(20) DEFAULT NULL,
  `courses` varchar(1000) DEFAULT NULL,
  PRIMARY KEY (`id`),
  KEY `指标点索引外键` (`indicator_index`),
  CONSTRAINT `指标点索引外键` FOREIGN KEY (`indicator_index`) REFERENCES `indicator_outline` (`id`) ON DELETE CASCADE ON UPDATE CASCADE
) ENGINE=InnoDB AUTO_INCREMENT=118 DEFAULT CHARSET=utf8;
/*!40101 SET character_set_client = @saved_cs_client */;

--
-- Dumping data for table `indicators`
--

LOCK TABLES `indicators` WRITE;
/*!40000 ALTER TABLE `indicators` DISABLE KEYS */;
INSERT INTO `indicators` VALUES (5,1,'1.1','掌握数学、自然科学、工程基础和电子信息专业知识的基本概念，并将其运用到复杂工程问题的适当表述之中','电子信息工程','高等数学A、线性代数A、大学物理、复变函数、概率论与数理统计B、离散数学、电子信息工程导论、自动控制原理'),(6,1,'1.2','针对一个复杂系统或者过程选择恰当的数学模型，对模型正确性进行严谨的推理，并能正确求解','电子信息工程','电路分析、模拟电子技术、 数字电子技术、自动控制原理、信号与系统、数字信号处理'),(8,1,'1.3','运用数学、自然科学、工程基础和电子 信息专业知识推演、分析复杂工程问题','电子信息工程','高等数学A、线性代数A、大学物理、 概率论与数理统计B、电路分析、信号与系统'),(9,1,'1.4','通过数学、自然科学、工程基础和电子 信息专业知识角度所建立的模型的分析，对复杂工程问题的解决方案进行分析和比较，并尝试改进','电子信息工程','数字信号处理、单片机原理与接口技术、高频电子线路、信号系统设计、数学建模与仿真、计算机组成原理、传感器技术与应用'),(10,2,'2.1','能运用数学、自然科学和电子信息领域的 基本原理，识别和判断电子信息领域复杂工 程问题的关键环节','电子信息工程','电路分析、模拟电子技术、数字电子技术、 信号与系统、单片机原理与接口技术、高频电子线路、通信原理'),(11,2,'2.2','能基于数学、自然科学和电子信息领域的 基本原理，并建立数学模型，正确表达电子 信息领域复杂工程问题','电子信息工程','高等数学A、线性代数A、大学物理、 概率论与数理统计B、数字信号处理、机器学习、 信号系统设计、可编程器件开发EDA'),(12,2,'2.3','掌握电子信息领域工程分析的基本方 法，能认识到解决问题有多种方案可选择，并通过文献研究寻求适合的解决方案','电子信息工程','大学外语、专业英语、 嵌入式系统、语音信号处理、数字图像处理、可编程器件开发EDA\r传感器技术与应用'),(13,2,'2.4','能够运用数学、自然科学和电子信息领域的基本原理，借助文献研究，分析复杂工程所存在的影响因素，并获得有效结论','电子信息工程','大学物理、通信原理、嵌入式系统、高频电子线路、语音信号处理、数字图像处理、自动控制原理'),(14,3,'3.1','掌握电子信息领域工程设计和产品开发 全周期、全流程的基本设计/开发方法和技 术，了解影响设计目标和技术方案的各种因素','电子信息工程','嵌入式系统实习、电子电工及仿真综合实习、传感器技术与应用\r'),(15,3,'3.2','能针对电子信息领域工程设计和产品的 特定需求，能够通过建模进行信息处理系统 及单元的参数计算，设计开发控制方案、系统资源、应用软件等','电子信息工程','高等数学A、电路分析、模拟电子技术、物联网技术、通信原理、 C语言程序设计、python语言程序设计、数字信号处理实习、传感器技术与应用'),(16,3,'3.3','能够对电子信息领域工程设计和产品进行系统方案或工艺流程设计，并在设计中体现创新意识','电子信息工程','数字电子技术、高频电子线路、机器学习、数字信号处理、随机信号处理、嵌入式系统综合设计、毕业设计（论文）'),(17,3,'3.4','能够在电子信息领域工程和产品设计中考虑安全、健康、法律、文化及环境等制约 因素的影响','电子信息工程','思想道德修养与法律基础、思想政治理论 研讨课、习近平新时代中国特色社会主义 思想概论、大学生心理健康教育、体育 电子信息工程专业导论、军事训练'),(18,4,'4.1','能够基于电子信息领域科学原理，通过文献研究或相关方法，调研和分析复杂工程问题的解决方案','电子信息工程','机器学习、语音信号处理、数字图像处理、、毕业实习、信号采集系统设计综合实习、电子信息系统设计综合实习'),(19,4,'4.2','能够根据电子信息领域复杂工程问题的 对象特征，选择研究路线，设计实验方案','电子信息工程','通信原理、高频电子线路、嵌入式系统原理、数字系统设计、大学物理实验'),(20,4,'4.3','能够根据电子信息领域复杂工程问题的实验方案构建实验系统，采用科学方法，安 全地开展实验，正确的采集实验数据','电子信息工程','语音信号处理、C语言程序序设计实习、电子电工及仿真综合实习、FPGA 综合设计、嵌入式系统实习、数字信 号处理课程设计、传感器技术与应用'),(21,4,'4.4','能够对实验结果进行分析和解释，并通过信息综合得到合理有效的结论','电子信息工程','大学物理实验、电路分析实验'),(22,5,'5.1','了解专业常用的电子测量仪器、信息技 术工具和模拟软件的使用原理和方法，并理 解其局限性','电子信息工程','大学物理、电子信息工程专业导论、单片机原理与接口技术'),(23,5,'5.2','能够针对复杂工程问题，选择与使用电 子信息领域的恰当技术手段和现代工程工 具进行分析、计算和设计','电子信息工程','大学物理、线性代数A、电路分析实习、信号与系统实习、数字信号处理、语音信号处理、数字系统设计、自动控制原理'),(24,5,'5.3','能够针对具体对象，开发或选用满足特 定需求的现代工具，模拟和预测电子信息领域出现的问题，并分析其局限性','电子信息工程','高等数学A、C语言程序设计训练、、嵌入式系统实习、 python程序设计、电子电工及仿真综合实习'),(25,6,'6.1','能够通过工程实习和社会实践经历获得 电子信息工程背景知识，熟悉与电子信息工 程相关的技术标准、知识产权、产业政策','电子信息工程','中国近现代史纲要、电子信息工程专业导论、电子信息系统设计综合实习、、毕业实习及毕业设计（论文）'),(26,6,'6.2','能够识别、分析、评价电子信息行业的 新技术、新设备的开发和应用对社会、健康、 安全、法律以及文化的影响','电子信息工程','体育、军事理论、军事训练、思想道德修 养与法律基础、大学生心理健康教育、电子信息工程专业导论'),(27,7,'7.1','知晓和理解电子信息复杂工程对环境保 护和可持续发展的理念和内涵的影响，并熟 悉环境保护的相关法律法规','电子信息工程','习近平新时代中国特色社会主义思想概论、思想道德修养与法律基础、大学生心理健康教育、高频电子线路、毕业实习'),(28,7,'7.2','能够站在环境保护和可持续发展的角 度，思考电子信息工程实践的可持续性，评 价产品周期中可能对人类和环境造成的损 害和隐患','电子信息工程','马克思主义基本原理、毛泽东思想和中国 特色社会主义理论体系概论、中国近现代 史纲要、电子信息工程专业导论'),(29,8,'8.1','热爱祖国，理解社会主义核心价值观， 了解中国国情，具有推动民族复兴和社会进 步的社会责任感','电子信息工程','马克思主义基本原理、毛泽东思想和中国 特色社会主义理论体系概论、习近平新时 代中国特色社会主义思想概论、思想道德 修养与法律基础、中国近现代史纲要'),(30,8,'8.2','理解诚实公正、诚信守则的电子信息工 程职业道德和规范，并能在工程实践中自觉 遵守','电子信息工程','思想道德修养与法律基础、军事训练、毛 泽东思想和中国特色社会主义理论体系概 论、马克思主义基本原理'),(31,8,'8.3','理解工程师对公众的安全、健康和福祉， 以及环境保护的社会责任，能够在工程实践 中自觉履行责任','电子信息工程','军事理论、电子信息工程专业导论、大学生心理健康教育、思想政治理论研讨课、毕业实习'),(32,9,'9.1','能够理解个人与团队的关系，理解团队 合作的意义，能主动与电子信息学科及其他 学科的成员合作开展工作','电子信息工程','毛泽东思想和中国特色社会主义理论体系 概论、习近平新时代中国特色社会主义思 想概论、军事理论、思想道德修养与法律 基础、大学生心理健康教育、体育'),(33,9,'9.2','作为成员，能够独立或合作完成团队分 配的任务，共同推进团队工作的实施','电子信息工程','军事训练、思想政治理论研讨课、工程实习'),(34,9,'9.3','作为负责人，能够在团队中承担领导责 任，能够倾听其他团队成员的意见，组织协 调各成员的工作，实现团队目标','电子信息工程','电子电工及仿真综合实习、可编程器件开发EDA实习、嵌入式系统综合设计、毕业设 计（论文）'),(35,10,'10.1','能够通过书面报告和口头陈述清晰地 表达电子信息复杂工程问题的解决方案、过程和结果，并能理解业界同行及社会公众的 质疑和建议','电子信息工程','传感器技术与应用（作品答辩）、电子信息系统设计综合实习、毕业实习'),(36,10,'10.2','了解电子信息工程专业领域的国际发 展趋势、研究热点，理解和尊重世界不同文化的差异性和多样性','电子信息工程','军事理论、电子信息工程专业导论、中国近现代史纲要、 物联网技术、机器学习、通信原理'),(37,10,'10.3','通过阅读国内外技术文献、参加学术 讲座、学生互访等环节，理解不同文化、技 术行为之间的差异，能够在跨文化背景下进 行沟通和交','电子信息工程','大学外语、专业英语、思想政治理论研讨 课、生产实习、毕业设计（论文）'),(38,11,'11.1','掌握技术方案的经济分析与决策方法 等相关知识，了解工程项目的成本构成，理 解相关的工程管理和经济决策','电子信息工程','马克思主义基本原理、毛泽东思想和中国 特色社会主义理论体系概论、习近平新时 代中国特色社会主义思想概论、概率论与 数理统计'),(39,11,'11.2','理解电子信息领域的工程及产品全周 期、全流程的成本构成，理解其中涉及的工 程管理与经济决策问题','电子信息工程','工程实习、 电子线路综合设计、'),(40,11,'11.3','能在电子信息工程领域相关学科环境 下，在设计开发解决方案的过程中，运用工 程管理与经济决策方法','电子信息工程','高频电子线路课程设计、数字信号处理课 程设计、嵌入式系统综合设计、工程实践、毕业实习及毕业设计（论文）'),(41,12,'12.1','认识不断探索和学习的必要性，具有自 主学习和终身学习的意识。掌握自主学习的 方法，了解拓展知识和能力的途径','电子信息工程','毛泽东思想和中国特色社会主义理论体系 概论、习近平新时代中国特色社会主义思 想概论、专业导论、思想道德修养与法律 基础、大学外语'),(42,12,'12.2','具有自主学习的能力，包括对技术问 题的理解能力，归纳总结能力和提出问题的 能力，适应电子信息领域发展','电子信息工程','马克思主义基本原理、政治思想理论研讨 课、军事理论、专业英语 毕业设计（论文）'),(44,1,'1.1','掌握数学、自然科学、工程基础和计算机科学与技术专业知识的基本概念，并将其运用到复杂工程问题之中','计算机科学与技术','高等数学A、线性代数A、物理学、概率论与数理统计B、离散数学、计算机科学与技术导论、、编译原理、大数据技术基础'),(45,1,'1.2','针对一个复杂系统或者过程选择恰当的数学模型，对模型正确性进行严谨的推理，并能正确求解','计算机科学与技术','数字电路、面向对象程序设计、计算机网络、计算机组成原理及体系结构、数据结构、操作系统原理、算法分析与设计'),(46,1,'1.3','运用数学、自然科学、工程基础和计算机科学与技术专业知识推演、分析复杂工程问题','计算机科学与技术','高等数学A、线性代数A、物理学、概率论与数理统计B、文献检索及科技论文写作、数据库原理与应用'),(47,1,'1.4','通过数学、自然科学、工程基础和计算机科学与技术专业知识角度所建立的模型的分析，对复杂工程问题的解决方案进行分析和比较，并尝试改进','计算机科学与技术','计算机组成原理及体系结构、数据结构、操作系统原理、数据库原理与应用、算法分析与设计、机器学习'),(48,2,'2.1','能运用数学、自然科学和计算机科学与技术的基本原理，识别和判断计算机科学与技术领域复杂工程问题的关键环节','计算机科学与技术','电路分析、C语言程序设计、算法分析与设计、机器学习'),(49,2,'2.2','能基于数学、自然科学和计算机科学与技术领域的基本原理，并建立数学模型，正确表达计算机科学与技术领域复杂工程问题','计算机科学与技术','高等数学A、线性代数A、物理学、 概率论与数理统计B、离散数学'),(50,2,'2.3','掌握计算机科学与技术领域工程分析的基本方法，能认识到解决问题有多种方案可选择，并通过文献研究寻求适合的解决方案','计算机科学与技术','大学外语、专业英语、面向对象程序设计、计算机网络、数据结构、数据库原理与应用'),(51,2,'2.4','能够运用数学、自然科学和计算机科学与技术领域的基本原理，借助文献研究，分析复杂工程所存在的影响因素，并获得有效结论','计算机科学与技术','物理学、计算机组成原理及体系结构、操作系统原理、文献检索及科技论文写作'),(52,3,'3.1','掌握计算机科学与技术领域工程设计和产品开发全周期、全流程的基本设计/开发方法和技术，了解影响设计目标和技术方案的各种因素','计算机科学与技术','计算机科学与技术导论、面向对象程序设计、计算机网络、离散数学、操作系统原理、数据库原理与应用'),(53,3,'3.2','能针对计算机科学与技术领域工程设计和产品的特定需求，能够通过建模进行信息处理系统的设计和开发方法等','计算机科学与技术','高等数学A、物理学、线性代数A、概率论与数理统计B、数据结构、大数据技术基础'),(54,3,'3.3','能够对计算机科学与技术领域工程设计和产品进行系统方案或处理流程设计，并在设计中体现创新意识','计算机科学与技术','计算机组成原理及体系结构、算法分析与设计、软件系统设计综合设计、数据处理综合设计、毕业设计（论文）'),(55,3,'3.4','能够在计算机科学与技术领域工程和产品设计中考虑安全、健康、法律、文化及环境等制约因素的影响','计算机科学与技术','思想道德修养与法律基础、思想政治理论研讨课、习近平新时代中国特色社会主义思想概论、大学生心理健康教育、体育、军事训练'),(56,4,'4.1','能够基于计算机科学与技术领域科学原理，通过文献研究或相关方法，调研和分析复杂工程问题的解决方案','计算机科学与技术','机器学习、软件系统设计综合设计、数据处理综合设计、毕业实习、C语言程序设计'),(57,4,'4.2','能够根据计算机科学与技术领域复杂工程问题的对象特征，选择研究路线，设计实验方案','计算机科学与技术','数字电路、计算机组成原理及体系结构、Web程序设计课程设计、UI设计课程设计、C语言程序设计课程设计、计算机网络课程设计'),(58,4,'4.3','能够根据计算机科学与技术领域复杂工程问题的实验方案构建实验系统，采用科学方法，安全地开展实验，正确的采集实验数据','计算机科学与技术','数据结构、操作系统原理、数据库原理与应用、C语言程序设计课程设计、计算机网络课程设计、软件系统设计综合设计、数据处理综合设计'),(59,4,'4.4','能够对实验结果进行分析和解释，并通过信息综合得到合理有效的结论','计算机科学与技术','编译原理、算法分析与设计、软件系统设计综合设计、数据处理综合设计'),(60,5,'5.1','了解专业常用的、测量仪器、信息技术工具和软件可开发工具的使用原理和方法，并理 解其局限性','计算机科学与技术','物理学、计算机科学与技术导论'),(61,5,'5.2','能够针对复杂工程问题，选择与使用计算机科学与技术领域的恰当技术手段和现代工程工 具进行分析、计算和设计','计算机科学与技术','大学物理、高等数学A、线性代数A、软件工程'),(62,5,'5.3','能够针对具体对象，开发或选用满足特定需求的现代工具，模拟和预测计算机科学与技术领域出现的问题，并分析其局限性','计算机科学与技术','高等数学A、C语言程序设计训练、Linux应用、数字电路、文献检索及科技论文写作'),(63,6,'6.1','能够通过工程实习和社会实践经历获得计算机科学与技术工程背景知识，熟悉与计算机科学与技术相关的技术标准、知识产权、产业政策和 法律法规，理解不同社会文化对工程活动的影响','计算机科学与技术','中国近现代史纲要、计算机科学与技术导论、离散数学、计算机组成原理及体系结构、毕业实习及毕业设计（论文）'),(64,6,'6.2','能够识别、分析、评价计算机科学与技术行业的新技术、新设备的开发和应用对社会、健康、安全、法律以及文化的影响，并理解应承担的责任','计算机科学与技术','体育、军事理论、军事训练、思想道德修 养与法律基础、大学生心理健康教育、计算机科学与技术导论'),(65,7,'7.1','知晓和理解计算机科学与技术领域复杂工程对环境保护和可持续发展的理念和内涵的影响，并熟悉环境保护的相关法律法规','计算机科学与技术','思想道德与法治、中国近现代史纲要、马克思主义基本原理、毛泽东思想和中国特色社会主义理论体系概论、形势与政策、毕业实习'),(66,7,'7.2','能够站在环境保护和可持续发展的角度，思考计算机科学与技术工程实践的可持续性，评 价产品周期中可能对人类和环境造成的损害和隐患','计算机科学与技术','马克思主义基本原理、毛泽东思想和中国特色社会主义理论体系概论、形势与政策、军事理论、计算机科学与技术导论'),(67,8,'8.1','热爱祖国，理解社会主义核心价值观，了解中国国情，具有推动民族复兴和社会进步的社会责任感','计算机科学与技术','思想道德与法治、中国近现代史纲要、马克思主义基本原理、军事理论，C语言程序设计'),(68,8,'8.2','理解诚实公正、诚信守则的计算机科学与技术领域的职业道德和规范，并能在工程实践中自觉遵守','计算机科学与技术','思想道德与法治、中国近现代史纲要、毛泽东思想和中国特色社会主义理论体系概论、计算机科学与技术导论、软件工程'),(69,8,'8.3','理解工程师对公众的安全、健康和福祉，以及环境保护的社会责任，能够在工程实践中自觉履行责任','计算机科学与技术','军事理论、思想道德与法治、形势与政策、毕业实习'),(70,9,'9.1','能够理解个人与团队的关系，理解团队合作的意义，能主动与计算机学科及其他学科的成员合作开展工作','计算机科学与技术','软件工程、体育、UI设计'),(71,9,'9.2','作为成员，能够独立或合作完成团队分配的任务，共同推进团队工作的实施','计算机科学与技术','军事训练、英语、体育、UI设计、Web程序设计、工程实习'),(72,9,'9.3','作为负责人，能够在团队中承担领导责任，能够倾听其他团队成员的意见，组织协调各成员的工作，实现团队目标','计算机科学与技术','软件工程、毕业设计（论文）'),(73,10,'10.1','能够通过书面报告和口头陈述清晰地表达计算机科学与技术专业复杂工程问题的解决方案、过程和结果，并能理解业界同行及社会公众的质疑和建议','计算机科学与技术','软件工程、英语、毕业实习'),(74,10,'10.2','了解计算机科学与技术专业领域的国际发展趋势、研究热点，理解和尊重世界不同文化的差异性和多样性','计算机科学与技术','软件工程、军事理论、计算机科学与技术导论、UI设计'),(75,10,'10.3','通过阅读国内外技术文献、参加学术讲座、学生互访等环节，理解不同文化、技术行为之间的差异，能够在跨文化背景下进行沟通和交流，具有一定的国际视野','计算机科学与技术','软件工程、大学外语、专业英语、Web程序设计、毕业设计（论文）'),(76,11,'11.1','掌握技术方案的经济分析与决策方法等相关知识，了解工程项目的成本构成，理解相关的工程管理和经济决策','计算机科学与技术','英语、面向对象程序设计、软件系统设计综合设计、数据处理综合设计'),(77,11,'11.2','理解计算机科学与技术领域的工程及产品全周期、全流程的成本构成，理解其中涉及的工程管理与经济决策问题','计算机科学与技术','软件工程、计算机网络、工程实习、软件系统设计综合设计、数据处理综合设计、'),(78,11,'11.3','能在计算机科学与技术领域相关学科环境下，在设计开发解决方案的过程中，运用工程管理与经济决策方法','计算机科学与技术','Web程序设计、软件系统设计综合设计、数据处理综合设计、工程实践、毕业实习及毕业设计（论文）'),(79,12,'12.1','认识不断探索和学习的必要性，具有自主学习和终身学习的意识。掌握自主学习的方法，了解拓展知识和能力的途径','计算机科学与技术','英语、体育、计算机科学与技术导论、数据结构、操作系统原理、数据库原理与应用'),(80,12,'12.2','具有自主学习的能力，包括对技术问题的理解能力，归纳总结能力和提出问题的能力，适应计算机科学与技术领域发展','计算机科学与技术','面向对象程序设计、算法分析与设计、计算机网络、离散数学、计算机组成原理及体系结构、毕业设计（论文）'),(81,1,'1.1','掌握数学、自然科学、工程基础和计算机科学与技术专业知识的基本概念，并将其运用到复杂工程问题之中','数据科学与大数据技术','高等数学A、线性代数A、物理学、概率论与数理统计B、离散数学、计算机科学与技术导论、、编译原理、大数据技术基础'),(82,1,'1.2','针对一个复杂系统或者过程选择恰当的数学模型，对模型正确性进行严谨的推理，并能正确求解','数据科学与大数据技术','数字电路、面向对象程序设计、计算机网络、计算机组成原理及体系结构、数据结构、操作系统原理、算法分析与设计'),(83,1,'1.3','运用数学、自然科学、工程基础和计算机科学与技术专业知识推演、分析复杂工程问题','数据科学与大数据技术','高等数学A、线性代数A、物理学、概率论与数理统计B、文献检索及科技论文写作、数据库原理与应用'),(84,1,'1.4','通过数学、自然科学、工程基础和计算机科学与技术专业知识角度所建立的模型的分析，对复杂工程问题的解决方案进行分析和比较，并尝试改进','数据科学与大数据技术','计算机组成原理及体系结构、数据结构、操作系统原理、数据库原理与应用、算法分析与设计、机器学习'),(85,2,'2.1','能运用数学、自然科学和计算机科学与技术的基本原理，识别和判断计算机科学与技术领域复杂工程问题的关键环节','数据科学与大数据技术','电路分析、C语言程序设计、算法分析与设计、机器学习'),(86,2,'2.2','能基于数学、自然科学和计算机科学与技术领域的基本原理，并建立数学模型，正确表达计算机科学与技术领域复杂工程问题','数据科学与大数据技术','高等数学A、线性代数A、物理学、 概率论与数理统计B、离散数学'),(87,2,'2.3','掌握计算机科学与技术领域工程分析的基本方法，能认识到解决问题有多种方案可选择，并通过文献研究寻求适合的解决方案','数据科学与大数据技术','大学外语、专业英语、面向对象程序设计、计算机网络、数据结构、数据库原理与应用'),(88,2,'2.4','能够运用数学、自然科学和计算机科学与技术领域的基本原理，借助文献研究，分析复杂工程所存在的影响因素，并获得有效结论','数据科学与大数据技术','物理学、计算机组成原理及体系结构、操作系统原理、文献检索及科技论文写作'),(89,3,'3.1','掌握计算机科学与技术领域工程设计和产品开发全周期、全流程的基本设计/开发方法和技术，了解影响设计目标和技术方案的各种因素','数据科学与大数据技术','计算机科学与技术导论、面向对象程序设计、计算机网络、离散数学、操作系统原理、数据库原理与应用'),(90,3,'3.2','能针对计算机科学与技术领域工程设计和产品的特定需求，能够通过建模进行信息处理系统的设计和开发方法等','数据科学与大数据技术','高等数学A、物理学、线性代数A、概率论与数理统计B、数据结构、大数据技术基础'),(91,3,'3.3','能够对计算机科学与技术领域工程设计和产品进行系统方案或处理流程设计，并在设计中体现创新意识','数据科学与大数据技术','计算机组成原理及体系结构、算法分析与设计、软件系统设计综合设计、数据处理综合设计、毕业设计（论文）'),(92,3,'3.4','能够在计算机科学与技术领域工程和产品设计中考虑安全、健康、法律、文化及环境等制约因素的影响','数据科学与大数据技术','思想道德修养与法律基础、思想政治理论研讨课、习近平新时代中国特色社会主义思想概论、大学生心理健康教育、体育、军事训练'),(93,4,'4.1','能够基于计算机科学与技术领域科学原理，通过文献研究或相关方法，调研和分析复杂工程问题的解决方案','数据科学与大数据技术','机器学习、软件系统设计综合设计、数据处理综合设计、毕业实习、C语言程序设计'),(94,4,'4.2','能够根据计算机科学与技术领域复杂工程问题的对象特征，选择研究路线，设计实验方案','数据科学与大数据技术','数字电路、计算机组成原理及体系结构、Web程序设计课程设计、UI设计课程设计、C语言程序设计课程设计、计算机网络课程设计'),(95,4,'4.3','能够根据计算机科学与技术领域复杂工程问题的实验方案构建实验系统，采用科学方法，安全地开展实验，正确的采集实验数据','数据科学与大数据技术','数据结构、操作系统原理、数据库原理与应用、C语言程序设计课程设计、计算机网络课程设计、软件系统设计综合设计、数据处理综合设计'),(96,4,'4.4','能够对实验结果进行分析和解释，并通过信息综合得到合理有效的结论','数据科学与大数据技术','编译原理、算法分析与设计、软件系统设计综合设计、数据处理综合设计'),(97,5,'5.1','了解专业常用的、测量仪器、信息技术工具和软件可开发工具的使用原理和方法，并理 解其局限性','数据科学与大数据技术','物理学、计算机科学与技术导论'),(98,5,'5.2','能够针对复杂工程问题，选择与使用计算机科学与技术领域的恰当技术手段和现代工程工 具进行分析、计算和设计','数据科学与大数据技术','大学物理、高等数学A、线性代数A、软件工程'),(99,5,'5.3','能够针对具体对象，开发或选用满足特定需求的现代工具，模拟和预测计算机科学与技术领域出现的问题，并分析其局限性','数据科学与大数据技术','高等数学A、C语言程序设计训练、Linux应用、数字电路、文献检索及科技论文写作'),(100,6,'6.1','能够通过工程实习和社会实践经历获得计算机科学与技术工程背景知识，熟悉与计算机科学与技术相关的技术标准、知识产权、产业政策和 法律法规，理解不同社会文化对工程活动的影响','数据科学与大数据技术','中国近现代史纲要、计算机科学与技术导论、离散数学、计算机组成原理及体系结构、毕业实习及毕业设计（论文）'),(101,6,'6.2','能够识别、分析、评价计算机科学与技术行业的新技术、新设备的开发和应用对社会、健康、安全、法律以及文化的影响，并理解应承担的责任','数据科学与大数据技术','体育、军事理论、军事训练、思想道德修 养与法律基础、大学生心理健康教育、计算机科学与技术导论'),(102,7,'7.1','知晓和理解计算机科学与技术领域复杂工程对环境保护和可持续发展的理念和内涵的影响，并熟悉环境保护的相关法律法规','数据科学与大数据技术','思想道德与法治、中国近现代史纲要、马克思主义基本原理、毛泽东思想和中国特色社会主义理论体系概论、形势与政策、毕业实习'),(103,7,'7.2','能够站在环境保护和可持续发展的角度，思考计算机科学与技术工程实践的可持续性，评 价产品周期中可能对人类和环境造成的损害和隐患','数据科学与大数据技术','马克思主义基本原理、毛泽东思想和中国特色社会主义理论体系概论、形势与政策、军事理论、计算机科学与技术导论'),(104,8,'8.1','热爱祖国，理解社会主义核心价值观，了解中国国情，具有推动民族复兴和社会进步的社会责任感','数据科学与大数据技术','思想道德与法治、中国近现代史纲要、马克思主义基本原理、军事理论，C语言程序设计'),(105,8,'8.2','理解诚实公正、诚信守则的计算机科学与技术领域的职业道德和规范，并能在工程实践中自觉遵守','数据科学与大数据技术','思想道德与法治、中国近现代史纲要、毛泽东思想和中国特色社会主义理论体系概论、计算机科学与技术导论、软件工程'),(106,8,'8.3','理解工程师对公众的安全、健康和福祉，以及环境保护的社会责任，能够在工程实践中自觉履行责任','数据科学与大数据技术','军事理论、思想道德与法治、形势与政策、毕业实习'),(107,9,'9.1','能够理解个人与团队的关系，理解团队合作的意义，能主动与计算机学科及其他学科的成员合作开展工作','数据科学与大数据技术','软件工程、体育、UI设计'),(108,9,'9.2','作为成员，能够独立或合作完成团队分配的任务，共同推进团队工作的实施','数据科学与大数据技术','军事训练、英语、体育、UI设计、Web程序设计、工程实习'),(109,9,'9.3','作为负责人，能够在团队中承担领导责任，能够倾听其他团队成员的意见，组织协调各成员的工作，实现团队目标','数据科学与大数据技术','软件工程、毕业设计（论文）'),(110,10,'10.1','能够通过书面报告和口头陈述清晰地表达计算机科学与技术专业复杂工程问题的解决方案、过程和结果，并能理解业界同行及社会公众的质疑和建议','数据科学与大数据技术','软件工程、英语、毕业实习'),(111,10,'10.2','了解计算机科学与技术专业领域的国际发展趋势、研究热点，理解和尊重世界不同文化的差异性和多样性','数据科学与大数据技术','软件工程、军事理论、计算机科学与技术导论、UI设计'),(112,10,'10.3','通过阅读国内外技术文献、参加学术讲座、学生互访等环节，理解不同文化、技术行为之间的差异，能够在跨文化背景下进行沟通和交流，具有一定的国际视野','数据科学与大数据技术','软件工程、大学外语、专业英语、Web程序设计、毕业设计（论文）'),(113,11,'11.1','掌握技术方案的经济分析与决策方法等相关知识，了解工程项目的成本构成，理解相关的工程管理和经济决策','数据科学与大数据技术','英语、面向对象程序设计、软件系统设计综合设计、数据处理综合设计'),(114,11,'11.2','理解计算机科学与技术领域的工程及产品全周期、全流程的成本构成，理解其中涉及的工程管理与经济决策问题','数据科学与大数据技术','软件工程、计算机网络、工程实习、软件系统设计综合设计、数据处理综合设计、'),(115,11,'11.3','能在计算机科学与技术领域相关学科环境下，在设计开发解决方案的过程中，运用工程管理与经济决策方法','数据科学与大数据技术','Web程序设计、软件系统设计综合设计、数据处理综合设计、工程实践、毕业实习及毕业设计（论文）'),(116,12,'12.1','认识不断探索和学习的必要性，具有自主学习和终身学习的意识。掌握自主学习的方法，了解拓展知识和能力的途径','数据科学与大数据技术','英语、体育、计算机科学与技术导论、数据结构、操作系统原理、数据库原理与应用'),(117,12,'12.2','具有自主学习的能力，包括对技术问题的理解能力，归纳总结能力和提出问题的能力，适应计算机科学与技术领域发展','数据科学与大数据技术','面向对象程序设计、算法分析与设计、计算机网络、离散数学、计算机组成原理及体系结构、毕业设计（论文）');
/*!40000 ALTER TABLE `indicators` ENABLE KEYS */;
UNLOCK TABLES;

--
-- Table structure for table `student_final_score`
--

DROP TABLE IF EXISTS `student_final_score`;
/*!40101 SET @saved_cs_client     = @@character_set_client */;
/*!40101 SET character_set_client = utf8 */;
CREATE TABLE `student_final_score` (
  `final_score_id` int(11) NOT NULL AUTO_INCREMENT,
  `student_id` int(11) NOT NULL,
  `score` double DEFAULT '0',
  `score_details` varchar(1000) DEFAULT NULL,
  PRIMARY KEY (`final_score_id`),
  KEY `学生期末成绩表关联学生信息表` (`student_id`),
  CONSTRAINT `学生期末成绩表关联学生信息表` FOREIGN KEY (`student_id`) REFERENCES `student_information` (`id`) ON DELETE CASCADE ON UPDATE CASCADE
) ENGINE=InnoDB AUTO_INCREMENT=214 DEFAULT CHARSET=utf8;
/*!40101 SET character_set_client = @saved_cs_client */;

--
-- Dumping data for table `student_final_score`
--

LOCK TABLES `student_final_score` WRITE;
/*!40000 ALTER TABLE `student_final_score` DISABLE KEYS */;
INSERT INTO `student_final_score` VALUES (3,129,64,'[[\"2\",\"2\",\"2\",\"2\",\"2\",\"20\"],[\"2\",\"2\",\"2\",\"2\",\"2\"],[\"2\",\"2\",\"2\",\"2\",\"2\"],[\"2\",\"2\",\"2\",\"2\",\"2\",\"4\"]]'),(4,130,46,'[[\"2\",\"2\",\"2\",\"2\",\"2\",\"2\"],[\"2\",\"2\",\"2\",\"2\",\"2\"],[\"2\",\"2\",\"2\",\"2\",\"3\"],[\"2\",\"2\",\"2\",\"2\",\"2\",\"3\"]]'),(5,131,46,'[[\"2\",\"2\",\"2\",\"2\",\"2\",\"2\"],[\"2\",\"2\",\"2\",\"2\",\"2\"],[\"2\",\"2\",\"2\",\"2\",\"3\"],[\"2\",\"2\",\"2\",\"2\",\"2\",\"3\"]]'),(6,132,46,'[[\"2\",\"2\",\"2\",\"2\",\"2\",\"2\"],[\"2\",\"2\",\"2\",\"2\",\"2\"],[\"2\",\"2\",\"2\",\"2\",\"3\"],[\"2\",\"2\",\"2\",\"2\",\"2\",\"3\"]]'),(7,133,46,'[[\"2\",\"2\",\"2\",\"2\",\"2\",\"2\"],[\"2\",\"2\",\"2\",\"2\",\"2\"],[\"2\",\"2\",\"2\",\"2\",\"3\"],[\"2\",\"2\",\"2\",\"2\",\"2\",\"3\"]]'),(8,134,46,'[[\"2\",\"2\",\"2\",\"2\",\"2\",\"2\"],[\"2\",\"2\",\"2\",\"2\",\"2\"],[\"2\",\"2\",\"2\",\"2\",\"3\"],[\"2\",\"2\",\"2\",\"2\",\"2\",\"3\"]]'),(9,135,46,'[[\"2\",\"2\",\"2\",\"2\",\"2\",\"2\"],[\"2\",\"2\",\"2\",\"2\",\"2\"],[\"2\",\"2\",\"2\",\"2\",\"3\"],[\"2\",\"2\",\"2\",\"2\",\"2\",\"3\"]]'),(10,136,46,'[[\"2\",\"2\",\"2\",\"2\",\"2\",\"2\"],[\"2\",\"2\",\"2\",\"2\",\"2\"],[\"2\",\"2\",\"2\",\"2\",\"3\"],[\"2\",\"2\",\"2\",\"2\",\"2\",\"3\"]]'),(11,137,46,'[[\"2\",\"2\",\"2\",\"2\",\"2\",\"2\"],[\"2\",\"2\",\"2\",\"2\",\"2\"],[\"2\",\"2\",\"2\",\"2\",\"3\"],[\"2\",\"2\",\"2\",\"2\",\"2\",\"3\"]]'),(12,138,46,'[[\"2\",\"2\",\"2\",\"2\",\"2\",\"2\"],[\"2\",\"2\",\"2\",\"2\",\"2\"],[\"2\",\"2\",\"2\",\"2\",\"3\"],[\"2\",\"2\",\"2\",\"2\",\"2\",\"3\"]]'),(13,139,46,'[[\"2\",\"2\",\"2\",\"2\",\"2\",\"2\"],[\"2\",\"2\",\"2\",\"2\",\"2\"],[\"2\",\"2\",\"2\",\"2\",\"3\"],[\"2\",\"2\",\"2\",\"2\",\"2\",\"3\"]]'),(14,140,46,'[[\"2\",\"2\",\"2\",\"2\",\"2\",\"2\"],[\"2\",\"2\",\"2\",\"2\",\"2\"],[\"2\",\"2\",\"2\",\"2\",\"3\"],[\"2\",\"2\",\"2\",\"2\",\"2\",\"3\"]]'),(15,141,46,'[[\"2\",\"2\",\"2\",\"2\",\"2\",\"2\"],[\"2\",\"2\",\"2\",\"2\",\"2\"],[\"2\",\"2\",\"2\",\"2\",\"3\"],[\"2\",\"2\",\"2\",\"2\",\"2\",\"3\"]]'),(16,142,46,'[[\"2\",\"2\",\"2\",\"2\",\"2\",\"2\"],[\"2\",\"2\",\"2\",\"2\",\"2\"],[\"2\",\"2\",\"2\",\"2\",\"3\"],[\"2\",\"2\",\"2\",\"2\",\"2\",\"3\"]]'),(17,143,46,'[[\"2\",\"2\",\"2\",\"2\",\"2\",\"2\"],[\"2\",\"2\",\"2\",\"2\",\"2\"],[\"2\",\"2\",\"2\",\"2\",\"3\"],[\"2\",\"2\",\"2\",\"2\",\"2\",\"3\"]]'),(18,144,46,'[[\"2\",\"2\",\"2\",\"2\",\"2\",\"2\"],[\"2\",\"2\",\"2\",\"2\",\"2\"],[\"2\",\"2\",\"2\",\"2\",\"3\"],[\"2\",\"2\",\"2\",\"2\",\"2\",\"3\"]]'),(19,145,46,'[[\"2\",\"2\",\"2\",\"2\",\"2\",\"2\"],[\"2\",\"2\",\"2\",\"2\",\"2\"],[\"2\",\"2\",\"2\",\"2\",\"3\"],[\"2\",\"2\",\"2\",\"2\",\"2\",\"3\"]]'),(20,146,46,'[[\"2\",\"2\",\"2\",\"2\",\"2\",\"2\"],[\"2\",\"2\",\"2\",\"2\",\"2\"],[\"2\",\"2\",\"2\",\"2\",\"3\"],[\"2\",\"2\",\"2\",\"2\",\"2\",\"3\"]]'),(23,149,46,'[[\"2\",\"2\",\"2\",\"2\",\"2\",\"2\"],[\"2\",\"2\",\"2\",\"2\",\"2\"],[\"2\",\"2\",\"2\",\"2\",\"3\"],[\"2\",\"2\",\"2\",\"2\",\"2\",\"3\"]]'),(24,150,46,'[[\"2\",\"2\",\"2\",\"2\",\"2\",\"2\"],[\"2\",\"2\",\"2\",\"2\",\"2\"],[\"2\",\"2\",\"2\",\"2\",\"3\"],[\"2\",\"2\",\"2\",\"2\",\"2\",\"3\"]]'),(25,151,46,'[[\"2\",\"2\",\"2\",\"2\",\"2\",\"2\"],[\"2\",\"2\",\"2\",\"2\",\"2\"],[\"2\",\"2\",\"2\",\"2\",\"3\"],[\"2\",\"2\",\"2\",\"2\",\"2\",\"3\"]]'),(26,152,46,'[[\"2\",\"2\",\"2\",\"2\",\"2\",\"2\"],[\"2\",\"2\",\"2\",\"2\",\"2\"],[\"2\",\"2\",\"2\",\"2\",\"3\"],[\"2\",\"2\",\"2\",\"2\",\"2\",\"3\"]]'),(27,153,46,'[[\"2\",\"2\",\"2\",\"2\",\"2\",\"2\"],[\"2\",\"2\",\"2\",\"2\",\"2\"],[\"2\",\"2\",\"2\",\"2\",\"3\"],[\"2\",\"2\",\"2\",\"2\",\"2\",\"3\"]]'),(28,154,46,'[[\"2\",\"2\",\"2\",\"2\",\"2\",\"2\"],[\"2\",\"2\",\"2\",\"2\",\"2\"],[\"2\",\"2\",\"2\",\"2\",\"3\"],[\"2\",\"2\",\"2\",\"2\",\"2\",\"3\"]]'),(29,155,46,'[[\"2\",\"2\",\"2\",\"2\",\"2\",\"2\"],[\"2\",\"2\",\"2\",\"2\",\"2\"],[\"2\",\"2\",\"2\",\"2\",\"3\"],[\"2\",\"2\",\"2\",\"2\",\"2\",\"3\"]]'),(65,127,162,'[[\"4\",\"4\",\"4\",\"4\",\"4\",\"4\"],[\"4\",\"4\",\"4\",\"44\",\"4\"],[\"4\",\"44\",\"4\",\"4\",\"4\"],[\"3\",\"3\",\"3\",\"3\",\"3\",\"3\"]]'),(66,128,70,'[[\"22\",\"2\",\"2\",\"2\",\"2\",\"2\"],[\"2\",\"2\",\"2\",\"2\",\"2\"],[\"2\",\"2\",\"2\",\"2\",\"2\"],[\"3\",\"3\",\"3\",\"3\",\"3\",\"3\"]]'),(112,270,71,'[[\"2\",\"2\",\"2\",\"2\",\"0\"],[\"2\",\"2\",\"2\",\"2\",\"0\",\"2\",\"2\",\"2\",\"2\",\"0\"],[\"2\",\"1\",\"1\",\"2\",\"1\"],[\"4\",\"4\",\"4\",\"5\",\"6\",\"5\",\"4\",\"5\",\"3\",\"0\"]]'),(115,273,76,'[[\"2\",\"0\",\"2\",\"2\",\"0\"],[\"2\",\"0\",\"2\",\"2\",\"0\",\"2\",\"2\",\"0\",\"2\",\"0\"],[\"2\",\"2\",\"0\",\"2\",\"1\"],[\"4\",\"5\",\"4\",\"6\",\"8\",\"5\",\"4\",\"10\",\"3\",\"2\"]]'),(116,274,51.1,'[[\"2\",\"0\",\"2\",\"0\",\"0\"],[\"2\",\"0\",\"2\",\"0\",\"0\",\"2\",\"2\",\"0\",\"2\",\"0\"],[\"2\",\"1\",\"1\",\"0\",\"1\"],[\"2\",\"2\",\"4\",\"3\",\"6\",\"3\",\"4\",\"5.1\",\"3\",\"0\"]]'),(117,275,53.5,'[[\"2\",\"0\",\"2\",\"2\",\"0\"],[\"2\",\"0\",\"2\",\"0\",\"0\",\"2\",\"2\",\"0\",\"2\",\"0\"],[\"2\",\"1\",\"1\",\"0\",\"1\"],[\"2\",\"2\",\"4\",\"3\",\"6\",\"3\",\"4\",\"5.5\",\"3\",\"0\"]]'),(118,276,64.5,'[[\"2\",\"0\",\"2\",\"2\",\"0\"],[\"2\",\"2\",\"2\",\"2\",\"2\",\"2\",\"2\",\"2\",\"2\",\"2\"],[\"2\",\"2\",\"2\",\"2\",\"2\"],[\"2\",\"2\",\"3\",\"3\",\"3\",\"3\",\"4\",\"5.5\",\"3\",\"0\"]]'),(119,277,82.5,'[[\"2\",\"2\",\"2\",\"2\",\"2\"],[\"2\",\"2\",\"2\",\"2\",\"2\",\"2\",\"2\",\"2\",\"2\",\"2\"],[\"2\",\"2\",\"2\",\"2\",\"2\"],[\"2\",\"2\",\"4\",\"4\",\"6\",\"5\",\"4\",\"7\",\"5\",\"3.5\"]]'),(120,278,62,'[[\"2\",\"0\",\"2\",\"2\",\"0\"],[\"2\",\"2\",\"2\",\"2\",\"2\",\"2\",\"2\",\"2\",\"2\",\"2\"],[\"2\",\"2\",\"2\",\"2\",\"2\"],[\"2\",\"2\",\"4\",\"4\",\"6\",\"3\",\"3\",\"2\",\"0\",\"0\"]]'),(121,279,77.5,'[[\"2\",\"2\",\"2\",\"0\",\"2\"],[\"2\",\"2\",\"2\",\"2\",\"2\",\"2\",\"2\",\"2\",\"2\",\"2\"],[\"2\",\"2\",\"2\",\"2\",\"2\"],[\"2\",\"2\",\"4\",\"4\",\"6\",\"5\",\"4\",\"7.5\",\"3\",\"2\"]]'),(122,280,63.5,'[[\"0\",\"0\",\"2\",\"2\",\"0\"],[\"2\",\"2\",\"2\",\"2\",\"2\",\"2\",\"2\",\"2\",\"2\",\"2\"],[\"2\",\"2\",\"2\",\"2\",\"2\"],[\"2\",\"2\",\"4\",\"4\",\"6\",\"3\",\"4\",\"3.5\",\"1\",\"0\"]]'),(123,281,70,'[[\"2\",\"0\",\"2\",\"2\",\"0\"],[\"2\",\"2\",\"2\",\"2\",\"2\",\"2\",\"2\",\"2\",\"2\",\"2\"],[\"2\",\"2\",\"2\",\"2\",\"2\"],[\"2\",\"2\",\"4\",\"4\",\"6\",\"3\",\"4\",\"6\",\"3\",\"0\"]]'),(124,282,72.5,'[[\"2\",\"0\",\"2\",\"2\",\"2\"],[\"2\",\"2\",\"2\",\"2\",\"2\",\"2\",\"2\",\"2\",\"2\",\"2\"],[\"2\",\"2\",\"2\",\"2\",\"2\"],[\"2\",\"2\",\"4\",\"4\",\"6\",\"3\",\"4\",\"6.5\",\"3\",\"0\"]]'),(125,283,77.5,'[[\"2\",\"2\",\"2\",\"2\",\"2\"],[\"2\",\"2\",\"2\",\"2\",\"2\",\"2\",\"2\",\"2\",\"2\",\"2\"],[\"2\",\"2\",\"2\",\"2\",\"2\"],[\"2\",\"2\",\"4\",\"4\",\"6\",\"5\",\"4\",\"7.5\",\"3\",\"0\"]]'),(126,284,73,'[[\"2\",\"2\",\"2\",\"2\",\"0\"],[\"2\",\"2\",\"2\",\"2\",\"2\",\"2\",\"2\",\"2\",\"2\",\"2\"],[\"2\",\"2\",\"2\",\"2\",\"2\"],[\"2\",\"2\",\"4\",\"4\",\"6\",\"5\",\"4\",\"5\",\"3\",\"0\"]]'),(127,285,63,'[[\"2\",\"0\",\"2\",\"0\",\"0\"],[\"2\",\"2\",\"2\",\"2\",\"2\",\"2\",\"2\",\"2\",\"2\",\"2\"],[\"2\",\"2\",\"2\",\"2\",\"2\"],[\"2\",\"2\",\"4\",\"4\",\"6\",\"3\",\"4\",\"3\",\"1\",\"0\"]]'),(128,286,59.5,'[[\"0\",\"0\",\"2\",\"2\",\"0\"],[\"2\",\"2\",\"2\",\"2\",\"2\",\"2\",\"2\",\"2\",\"2\",\"2\"],[\"2\",\"2\",\"2\",\"2\",\"2\"],[\"2\",\"2\",\"4\",\"4\",\"6\",\"3\",\"3\",\"1.5\",\"0\",\"0\"]]'),(129,287,72,'[[\"2\",\"0\",\"2\",\"2\",\"2\"],[\"2\",\"2\",\"2\",\"2\",\"2\",\"2\",\"2\",\"2\",\"2\",\"2\"],[\"2\",\"2\",\"2\",\"2\",\"2\"],[\"2\",\"2\",\"4\",\"4\",\"6\",\"3\",\"4\",\"6\",\"3\",\"0\"]]'),(130,288,61.5,'[[\"2\",\"0\",\"2\",\"2\",\"0\"],[\"2\",\"2\",\"2\",\"2\",\"2\",\"2\",\"2\",\"2\",\"2\",\"2\"],[\"2\",\"2\",\"2\",\"2\",\"2\"],[\"2\",\"2\",\"4\",\"4\",\"6\",\"3\",\"3\",\"1.5\",\"0\",\"0\"]]'),(131,289,72,'[[\"2\",\"2\",\"2\",\"0\",\"2\"],[\"2\",\"2\",\"2\",\"2\",\"2\",\"2\",\"2\",\"2\",\"2\",\"2\"],[\"2\",\"2\",\"2\",\"2\",\"2\"],[\"2\",\"2\",\"4\",\"4\",\"6\",\"4\",\"4\",\"6\",\"0\",\"2\"]]'),(132,290,70,'[[\"2\",\"0\",\"0\",\"2\",\"2\"],[\"2\",\"2\",\"2\",\"2\",\"2\",\"2\",\"2\",\"2\",\"2\",\"2\"],[\"2\",\"2\",\"2\",\"2\",\"2\"],[\"2\",\"2\",\"4\",\"4\",\"6\",\"3\",\"4\",\"6\",\"3\",\"0\"]]'),(133,291,87,'[[\"2\",\"2\",\"2\",\"0\",\"2\"],[\"2\",\"2\",\"2\",\"2\",\"2\",\"2\",\"2\",\"2\",\"2\",\"2\"],[\"2\",\"2\",\"2\",\"2\",\"2\"],[\"2\",\"2\",\"6\",\"6\",\"6\",\"5\",\"4\",\"12\",\"3\",\"3\"]]'),(134,292,76,'[[\"2\",\"2\",\"2\",\"0\",\"2\"],[\"2\",\"2\",\"2\",\"2\",\"2\",\"2\",\"2\",\"2\",\"2\",\"2\"],[\"2\",\"2\",\"2\",\"2\",\"2\"],[\"2\",\"2\",\"6\",\"6\",\"6\",\"4\",\"4\",\"6\",\"0\",\"2\"]]'),(135,293,82,'[[\"0\",\"2\",\"2\",\"2\",\"0\"],[\"2\",\"2\",\"2\",\"2\",\"2\",\"2\",\"2\",\"2\",\"2\",\"2\"],[\"2\",\"2\",\"2\",\"2\",\"2\"],[\"2\",\"2\",\"6\",\"6\",\"6\",\"5\",\"4\",\"10\",\"3\",\"2\"]]'),(136,294,79,'[[\"2\",\"2\",\"2\",\"2\",\"0\"],[\"2\",\"2\",\"2\",\"2\",\"0\",\"2\",\"2\",\"2\",\"2\",\"0\"],[\"2\",\"2\",\"0\",\"2\",\"1\"],[\"4\",\"5\",\"4\",\"6\",\"8\",\"5\",\"4\",\"8\",\"3\",\"1\"]]'),(137,295,80.5,'[[\"2\",\"2\",\"2\",\"2\",\"0\"],[\"2\",\"2\",\"2\",\"2\",\"0\",\"2\",\"2\",\"2\",\"2\",\"0\"],[\"2\",\"2\",\"1\",\"2\",\"1\"],[\"4\",\"5\",\"4\",\"6\",\"8\",\"5\",\"4\",\"8.5\",\"3\",\"1\"]]'),(138,296,75,'[[\"0\",\"2\",\"2\",\"2\",\"2\"],[\"0\",\"2\",\"2\",\"2\",\"0\",\"2\",\"2\",\"0\",\"2\",\"0\"],[\"1\",\"2\",\"1\",\"2\",\"1\"],[\"4\",\"5\",\"4\",\"6\",\"7\",\"5\",\"4\",\"8\",\"3\",\"2\"]]'),(139,297,74,'[[\"0\",\"2\",\"2\",\"2\",\"2\"],[\"0\",\"2\",\"2\",\"2\",\"0\",\"2\",\"2\",\"0\",\"2\",\"0\"],[\"1\",\"2\",\"2\",\"2\",\"1\"],[\"4\",\"5\",\"4\",\"6\",\"6\",\"5\",\"4\",\"7\",\"2\",\"3\"]]'),(140,298,70,'[[\"2\",\"2\",\"2\",\"0\",\"2\"],[\"2\",\"2\",\"2\",\"2\",\"2\",\"0\",\"2\",\"2\",\"0\",\"2\"],[\"2\",\"1\",\"2\",\"1\",\"2\"],[\"3\",\"3\",\"4\",\"4\",\"7\",\"4\",\"4\",\"6\",\"1\",\"2\"]]'),(141,299,23.5,'[[\"0\",\"0\",\"2\",\"2\",\"0\"],[\"0\",\"0\",\"2\",\"0\",\"2\",\"0\",\"2\",\"0\",\"0\",\"0\"],[\"1\",\"1\",\"1\",\"0\",\"0\"],[\"2\",\"0\",\"2\",\"2\",\"0\",\"0\",\"3\",\"1.5\",\"0\",\"0\"]]'),(142,300,74.5,'[[\"0\",\"2\",\"2\",\"2\",\"2\"],[\"2\",\"0\",\"2\",\"2\",\"2\",\"2\",\"0\",\"2\",\"0\",\"0\"],[\"2\",\"2\",\"2\",\"2\",\"1\"],[\"4\",\"5\",\"4\",\"6\",\"8\",\"5\",\"4\",\"5.5\",\"3\",\"1\"]]'),(143,363,81,'[[\"1.5\",\"1.5\",\"1.5\",\"1.5\",\"1.5\",\"1.5\",\"1.5\",\"1.5\",\"1.5\",\"1.5\"],[\"1.5\",\"1.5\",\"1.5\",\"1.5\",\"1.5\",\"1.5\",\"1.5\",\"1.5\",\"1.5\",\"1.5\"],[\"4\",\"3\",\"3\",\"3\",\"3\",\"3\",\"3\",\"3\",\"3\",\"3\"],[\"2\",\"2\",\"2\",\"2\",\"2\",\"2\",\"2\",\"2\",\"2\",\"2\"]]'),(144,364,78,'[[\"2\",\"1\",\"1\",\"1\",\"1\",\"1\",\"1\",\"1\",\"1\",\"1\"],[\"1\",\"1\",\"1\",\"1\",\"1\",\"1\",\"1\",\"1\",\"1\",\"1\"],[\"4\",\"4\",\"4\",\"4\",\"4\",\"4\",\"4\",\"4\",\"4\",\"1\"],[\"2\",\"2\",\"2\",\"2\",\"2\",\"2\",\"2\",\"2\",\"2\",\"2\"]]'),(145,365,77.5,'[[\"1\",\"1.5\",\"1\",\"1\",\"1\",\"1\",\"1\",\"1\",\"1\",\"1\"],[\"1\",\"1\",\"1\",\"1\",\"1\",\"1\",\"1\",\"1\",\"1\",\"1\"],[\"4\",\"4\",\"4\",\"4\",\"4\",\"4\",\"4\",\"4\",\"4\",\"1\"],[\"2\",\"2\",\"2\",\"2\",\"2\",\"2\",\"2\",\"2\",\"2\",\"2\"]]'),(146,366,83,'[[\"1.5\",\"1.5\",\"1.5\",\"1.5\",\"1.5\",\"1.5\",\"1.5\",\"1.5\",\"1.5\",\"1.5\"],[\"1.5\",\"1.5\",\"1.5\",\"1.5\",\"1.5\",\"1.5\",\"0.5\",\"0.5\",\"0.5\",\"0.5\"],[\"4\",\"4\",\"4\",\"4\",\"4\",\"4\",\"4\",\"4\",\"4\",\"1\"],[\"2\",\"2\",\"2\",\"2\",\"2\",\"2\",\"2\",\"2\",\"2\",\"2\"]]'),(147,367,83,'[[\"1.5\",\"1.5\",\"1.5\",\"1.5\",\"1.5\",\"1.5\",\"1.5\",\"1.5\",\"1.5\",\"1.5\"],[\"1.5\",\"1.5\",\"1.5\",\"1.5\",\"1.5\",\"1.5\",\"0.5\",\"0.5\",\"0.5\",\"0.5\"],[\"4\",\"4\",\"4\",\"4\",\"4\",\"4\",\"4\",\"4\",\"4\",\"1\"],[\"2\",\"2\",\"2\",\"2\",\"2\",\"2\",\"2\",\"2\",\"2\",\"2\"]]'),(148,368,83,'[[\"1.5\",\"1.5\",\"1.5\",\"1.5\",\"1.5\",\"1.5\",\"1.5\",\"1.5\",\"1.5\",\"1.5\"],[\"1.5\",\"1.5\",\"1.5\",\"1.5\",\"1.5\",\"1.5\",\"0.5\",\"0.5\",\"0.5\",\"0.5\"],[\"4\",\"4\",\"4\",\"4\",\"4\",\"4\",\"4\",\"4\",\"4\",\"1\"],[\"2\",\"2\",\"2\",\"2\",\"2\",\"2\",\"2\",\"2\",\"2\",\"2\"]]'),(149,369,83,'[[\"1.5\",\"1.5\",\"1.5\",\"1.5\",\"1.5\",\"1.5\",\"1.5\",\"1.5\",\"1.5\",\"1.5\"],[\"1.5\",\"1.5\",\"1.5\",\"1.5\",\"1.5\",\"1.5\",\"0.5\",\"0.5\",\"0.5\",\"0.5\"],[\"4\",\"4\",\"4\",\"4\",\"4\",\"4\",\"4\",\"4\",\"4\",\"1\"],[\"2\",\"2\",\"2\",\"2\",\"2\",\"2\",\"2\",\"2\",\"2\",\"2\"]]'),(150,370,83,'[[\"1.5\",\"1.5\",\"1.5\",\"1.5\",\"1.5\",\"1.5\",\"1.5\",\"1.5\",\"1.5\",\"1.5\"],[\"1.5\",\"1.5\",\"1.5\",\"1.5\",\"1.5\",\"1.5\",\"0.5\",\"0.5\",\"0.5\",\"0.5\"],[\"4\",\"4\",\"4\",\"4\",\"4\",\"4\",\"4\",\"4\",\"4\",\"1\"],[\"2\",\"2\",\"2\",\"2\",\"2\",\"2\",\"2\",\"2\",\"2\",\"2\"]]'),(151,371,83,'[[\"1.5\",\"1.5\",\"1.5\",\"1.5\",\"1.5\",\"1.5\",\"1.5\",\"1.5\",\"1.5\",\"1.5\"],[\"1.5\",\"1.5\",\"1.5\",\"1.5\",\"1.5\",\"1.5\",\"0.5\",\"0.5\",\"0.5\",\"0.5\"],[\"4\",\"4\",\"4\",\"4\",\"4\",\"4\",\"4\",\"4\",\"4\",\"1\"],[\"2\",\"2\",\"2\",\"2\",\"2\",\"2\",\"2\",\"2\",\"2\",\"2\"]]'),(152,372,83,'[[\"1.5\",\"1.5\",\"1.5\",\"1.5\",\"1.5\",\"1.5\",\"1.5\",\"1.5\",\"1.5\",\"1.5\"],[\"1.5\",\"1.5\",\"1.5\",\"1.5\",\"1.5\",\"1.5\",\"0.5\",\"0.5\",\"0.5\",\"0.5\"],[\"4\",\"4\",\"4\",\"4\",\"4\",\"4\",\"4\",\"4\",\"4\",\"1\"],[\"2\",\"2\",\"2\",\"2\",\"2\",\"2\",\"2\",\"2\",\"2\",\"2\"]]'),(153,373,83,'[[\"1.5\",\"1.5\",\"1.5\",\"1.5\",\"1.5\",\"1.5\",\"1.5\",\"1.5\",\"1.5\",\"1.5\"],[\"1.5\",\"1.5\",\"1.5\",\"1.5\",\"1.5\",\"1.5\",\"0.5\",\"0.5\",\"0.5\",\"0.5\"],[\"4\",\"4\",\"4\",\"4\",\"4\",\"4\",\"4\",\"4\",\"4\",\"1\"],[\"2\",\"2\",\"2\",\"2\",\"2\",\"2\",\"2\",\"2\",\"2\",\"2\"]]'),(154,374,83,'[[\"1.5\",\"1.5\",\"1.5\",\"1.5\",\"1.5\",\"1.5\",\"1.5\",\"1.5\",\"1.5\",\"1.5\"],[\"1.5\",\"1.5\",\"1.5\",\"1.5\",\"1.5\",\"1.5\",\"0.5\",\"0.5\",\"0.5\",\"0.5\"],[\"4\",\"4\",\"4\",\"4\",\"4\",\"4\",\"4\",\"4\",\"4\",\"1\"],[\"2\",\"2\",\"2\",\"2\",\"2\",\"2\",\"2\",\"2\",\"2\",\"2\"]]'),(155,375,83,'[[\"1.5\",\"1.5\",\"1.5\",\"1.5\",\"1.5\",\"1.5\",\"1.5\",\"1.5\",\"1.5\",\"1.5\"],[\"1.5\",\"1.5\",\"1.5\",\"1.5\",\"1.5\",\"1.5\",\"0.5\",\"0.5\",\"0.5\",\"0.5\"],[\"4\",\"4\",\"4\",\"4\",\"4\",\"4\",\"4\",\"4\",\"4\",\"1\"],[\"2\",\"2\",\"2\",\"2\",\"2\",\"2\",\"2\",\"2\",\"2\",\"2\"]]'),(156,376,83,'[[\"1.5\",\"1.5\",\"1.5\",\"1.5\",\"1.5\",\"1.5\",\"1.5\",\"1.5\",\"1.5\",\"1.5\"],[\"1.5\",\"1.5\",\"1.5\",\"1.5\",\"1.5\",\"1.5\",\"0.5\",\"0.5\",\"0.5\",\"0.5\"],[\"4\",\"4\",\"4\",\"4\",\"4\",\"4\",\"4\",\"4\",\"4\",\"1\"],[\"2\",\"2\",\"2\",\"2\",\"2\",\"2\",\"2\",\"2\",\"2\",\"2\"]]'),(157,377,83,'[[\"1.5\",\"1.5\",\"1.5\",\"1.5\",\"1.5\",\"1.5\",\"1.5\",\"1.5\",\"1.5\",\"1.5\"],[\"1.5\",\"1.5\",\"1.5\",\"1.5\",\"1.5\",\"1.5\",\"0.5\",\"0.5\",\"0.5\",\"0.5\"],[\"4\",\"4\",\"4\",\"4\",\"4\",\"4\",\"4\",\"4\",\"4\",\"1\"],[\"2\",\"2\",\"2\",\"2\",\"2\",\"2\",\"2\",\"2\",\"2\",\"2\"]]'),(158,378,83,'[[\"1.5\",\"1.5\",\"1.5\",\"1.5\",\"1.5\",\"1.5\",\"1.5\",\"1.5\",\"1.5\",\"1.5\"],[\"1.5\",\"1.5\",\"1.5\",\"1.5\",\"1.5\",\"1.5\",\"0.5\",\"0.5\",\"0.5\",\"0.5\"],[\"4\",\"4\",\"4\",\"4\",\"4\",\"4\",\"4\",\"4\",\"4\",\"1\"],[\"2\",\"2\",\"2\",\"2\",\"2\",\"2\",\"2\",\"2\",\"2\",\"2\"]]'),(159,379,83,'[[\"1.5\",\"1.5\",\"1.5\",\"1.5\",\"1.5\",\"1.5\",\"1.5\",\"1.5\",\"1.5\",\"1.5\"],[\"1.5\",\"1.5\",\"1.5\",\"1.5\",\"1.5\",\"1.5\",\"0.5\",\"0.5\",\"0.5\",\"0.5\"],[\"4\",\"4\",\"4\",\"4\",\"4\",\"4\",\"4\",\"4\",\"4\",\"1\"],[\"2\",\"2\",\"2\",\"2\",\"2\",\"2\",\"2\",\"2\",\"2\",\"2\"]]'),(160,380,83,'[[\"1.5\",\"1.5\",\"1.5\",\"1.5\",\"1.5\",\"1.5\",\"1.5\",\"1.5\",\"1.5\",\"1.5\"],[\"1.5\",\"1.5\",\"1.5\",\"1.5\",\"1.5\",\"1.5\",\"0.5\",\"0.5\",\"0.5\",\"0.5\"],[\"4\",\"4\",\"4\",\"4\",\"4\",\"4\",\"4\",\"4\",\"4\",\"1\"],[\"2\",\"2\",\"2\",\"2\",\"2\",\"2\",\"2\",\"2\",\"2\",\"2\"]]'),(161,381,83,'[[\"1.5\",\"1.5\",\"1.5\",\"1.5\",\"1.5\",\"1.5\",\"1.5\",\"1.5\",\"1.5\",\"1.5\"],[\"1.5\",\"1.5\",\"1.5\",\"1.5\",\"1.5\",\"1.5\",\"0.5\",\"0.5\",\"0.5\",\"0.5\"],[\"4\",\"4\",\"4\",\"4\",\"4\",\"4\",\"4\",\"4\",\"4\",\"1\"],[\"2\",\"2\",\"2\",\"2\",\"2\",\"2\",\"2\",\"2\",\"2\",\"2\"]]'),(162,382,83,'[[\"1.5\",\"1.5\",\"1.5\",\"1.5\",\"1.5\",\"1.5\",\"1.5\",\"1.5\",\"1.5\",\"1.5\"],[\"1.5\",\"1.5\",\"1.5\",\"1.5\",\"1.5\",\"1.5\",\"0.5\",\"0.5\",\"0.5\",\"0.5\"],[\"4\",\"4\",\"4\",\"4\",\"4\",\"4\",\"4\",\"4\",\"4\",\"1\"],[\"2\",\"2\",\"2\",\"2\",\"2\",\"2\",\"2\",\"2\",\"2\",\"2\"]]'),(163,383,83,'[[\"1.5\",\"1.5\",\"1.5\",\"1.5\",\"1.5\",\"1.5\",\"1.5\",\"1.5\",\"1.5\",\"1.5\"],[\"1.5\",\"1.5\",\"1.5\",\"1.5\",\"1.5\",\"1.5\",\"0.5\",\"0.5\",\"0.5\",\"0.5\"],[\"4\",\"4\",\"4\",\"4\",\"4\",\"4\",\"4\",\"4\",\"4\",\"1\"],[\"2\",\"2\",\"2\",\"2\",\"2\",\"2\",\"2\",\"2\",\"2\",\"2\"]]'),(164,384,83,'[[\"1.5\",\"1.5\",\"1.5\",\"1.5\",\"1.5\",\"1.5\",\"1.5\",\"1.5\",\"1.5\",\"1.5\"],[\"1.5\",\"1.5\",\"1.5\",\"1.5\",\"1.5\",\"1.5\",\"0.5\",\"0.5\",\"0.5\",\"0.5\"],[\"4\",\"4\",\"4\",\"4\",\"4\",\"4\",\"4\",\"4\",\"4\",\"1\"],[\"2\",\"2\",\"2\",\"2\",\"2\",\"2\",\"2\",\"2\",\"2\",\"2\"]]'),(165,385,83,'[[\"1.5\",\"1.5\",\"1.5\",\"1.5\",\"1.5\",\"1.5\",\"1.5\",\"1.5\",\"1.5\",\"1.5\"],[\"1.5\",\"1.5\",\"1.5\",\"1.5\",\"1.5\",\"1.5\",\"0.5\",\"0.5\",\"0.5\",\"0.5\"],[\"4\",\"4\",\"4\",\"4\",\"4\",\"4\",\"4\",\"4\",\"4\",\"1\"],[\"2\",\"2\",\"2\",\"2\",\"2\",\"2\",\"2\",\"2\",\"2\",\"2\"]]'),(166,386,83,'[[\"1.5\",\"1.5\",\"1.5\",\"1.5\",\"1.5\",\"1.5\",\"1.5\",\"1.5\",\"1.5\",\"1.5\"],[\"1.5\",\"1.5\",\"1.5\",\"1.5\",\"1.5\",\"1.5\",\"0.5\",\"0.5\",\"0.5\",\"0.5\"],[\"4\",\"4\",\"4\",\"4\",\"4\",\"4\",\"4\",\"4\",\"4\",\"1\"],[\"2\",\"2\",\"2\",\"2\",\"2\",\"2\",\"2\",\"2\",\"2\",\"2\"]]'),(167,387,83,'[[\"1.5\",\"1.5\",\"1.5\",\"1.5\",\"1.5\",\"1.5\",\"1.5\",\"1.5\",\"1.5\",\"1.5\"],[\"1.5\",\"1.5\",\"1.5\",\"1.5\",\"1.5\",\"1.5\",\"0.5\",\"0.5\",\"0.5\",\"0.5\"],[\"4\",\"4\",\"4\",\"4\",\"4\",\"4\",\"4\",\"4\",\"4\",\"1\"],[\"2\",\"2\",\"2\",\"2\",\"2\",\"2\",\"2\",\"2\",\"2\",\"2\"]]'),(168,388,83,'[[\"1.5\",\"1.5\",\"1.5\",\"1.5\",\"1.5\",\"1.5\",\"1.5\",\"1.5\",\"1.5\",\"1.5\"],[\"1.5\",\"1.5\",\"1.5\",\"1.5\",\"1.5\",\"1.5\",\"0.5\",\"0.5\",\"0.5\",\"0.5\"],[\"4\",\"4\",\"4\",\"4\",\"4\",\"4\",\"4\",\"4\",\"4\",\"1\"],[\"2\",\"2\",\"2\",\"2\",\"2\",\"2\",\"2\",\"2\",\"2\",\"2\"]]'),(169,389,83,'[[\"1.5\",\"1.5\",\"1.5\",\"1.5\",\"1.5\",\"1.5\",\"1.5\",\"1.5\",\"1.5\",\"1.5\"],[\"1.5\",\"1.5\",\"1.5\",\"1.5\",\"1.5\",\"1.5\",\"0.5\",\"0.5\",\"0.5\",\"0.5\"],[\"4\",\"4\",\"4\",\"4\",\"4\",\"4\",\"4\",\"4\",\"4\",\"1\"],[\"2\",\"2\",\"2\",\"2\",\"2\",\"2\",\"2\",\"2\",\"2\",\"2\"]]'),(170,390,83,'[[\"1.5\",\"1.5\",\"1.5\",\"1.5\",\"1.5\",\"1.5\",\"1.5\",\"1.5\",\"1.5\",\"1.5\"],[\"1.5\",\"1.5\",\"1.5\",\"1.5\",\"1.5\",\"1.5\",\"0.5\",\"0.5\",\"0.5\",\"0.5\"],[\"4\",\"4\",\"4\",\"4\",\"4\",\"4\",\"4\",\"4\",\"4\",\"1\"],[\"2\",\"2\",\"2\",\"2\",\"2\",\"2\",\"2\",\"2\",\"2\",\"2\"]]'),(171,391,83,'[[\"1.5\",\"1.5\",\"1.5\",\"1.5\",\"1.5\",\"1.5\",\"1.5\",\"1.5\",\"1.5\",\"1.5\"],[\"1.5\",\"1.5\",\"1.5\",\"1.5\",\"1.5\",\"1.5\",\"0.5\",\"0.5\",\"0.5\",\"0.5\"],[\"4\",\"4\",\"4\",\"4\",\"4\",\"4\",\"4\",\"4\",\"4\",\"1\"],[\"2\",\"2\",\"2\",\"2\",\"2\",\"2\",\"2\",\"2\",\"2\",\"2\"]]'),(172,392,83,'[[\"1.5\",\"1.5\",\"1.5\",\"1.5\",\"1.5\",\"1.5\",\"1.5\",\"1.5\",\"1.5\",\"1.5\"],[\"1.5\",\"1.5\",\"1.5\",\"1.5\",\"1.5\",\"1.5\",\"0.5\",\"0.5\",\"0.5\",\"0.5\"],[\"4\",\"4\",\"4\",\"4\",\"4\",\"4\",\"4\",\"4\",\"4\",\"1\"],[\"2\",\"2\",\"2\",\"2\",\"2\",\"2\",\"2\",\"2\",\"2\",\"2\"]]'),(173,393,83,'[[\"1.5\",\"1.5\",\"1.5\",\"1.5\",\"1.5\",\"1.5\",\"1.5\",\"1.5\",\"1.5\",\"1.5\"],[\"1.5\",\"1.5\",\"1.5\",\"1.5\",\"1.5\",\"1.5\",\"0.5\",\"0.5\",\"0.5\",\"0.5\"],[\"4\",\"4\",\"4\",\"4\",\"4\",\"4\",\"4\",\"4\",\"4\",\"1\"],[\"2\",\"2\",\"2\",\"2\",\"2\",\"2\",\"2\",\"2\",\"2\",\"2\"]]'),(174,394,83,'[[\"1.5\",\"1.5\",\"1.5\",\"1.5\",\"1.5\",\"1.5\",\"1.5\",\"1.5\",\"1.5\",\"1.5\"],[\"1.5\",\"1.5\",\"1.5\",\"1.5\",\"1.5\",\"1.5\",\"0.5\",\"0.5\",\"0.5\",\"0.5\"],[\"4\",\"4\",\"4\",\"4\",\"4\",\"4\",\"4\",\"4\",\"4\",\"1\"],[\"2\",\"2\",\"2\",\"2\",\"2\",\"2\",\"2\",\"2\",\"2\",\"2\"]]'),(175,395,83,'[[\"1.5\",\"1.5\",\"1.5\",\"1.5\",\"1.5\",\"1.5\",\"1.5\",\"1.5\",\"1.5\",\"1.5\"],[\"1.5\",\"1.5\",\"1.5\",\"1.5\",\"1.5\",\"1.5\",\"0.5\",\"0.5\",\"0.5\",\"0.5\"],[\"4\",\"4\",\"4\",\"4\",\"4\",\"4\",\"4\",\"4\",\"4\",\"1\"],[\"2\",\"2\",\"2\",\"2\",\"2\",\"2\",\"2\",\"2\",\"2\",\"2\"]]'),(176,396,64.5,'[[\"1.5\",\"1.5\",\"1.5\",\"1.5\",\"1.5\",\"1.5\",\"1.5\",\"1.5\",\"1.5\",\"1.5\"],[\"1.5\",\"1.5\",\"1.5\",\"1.5\",\"1.5\",\"1\",\"0.5\",\"0.5\",\"0.5\",\"0.5\"],[\"2\",\"2\",\"2\",\"2\",\"2\",\"2\",\"2\",\"2\",\"2\",\"1\"],[\"2\",\"2\",\"2\",\"2\",\"2\",\"2\",\"2\",\"2\",\"2\",\"2\"]]'),(177,397,64.5,'[[\"1.5\",\"1.5\",\"1.5\",\"1.5\",\"1.5\",\"1.5\",\"1.5\",\"1.5\",\"1.5\",\"1.5\"],[\"1.5\",\"1.5\",\"1.5\",\"1.5\",\"1.5\",\"1\",\"0.5\",\"0.5\",\"0.5\",\"0.5\"],[\"2\",\"2\",\"2\",\"2\",\"2\",\"2\",\"2\",\"2\",\"2\",\"1\"],[\"2\",\"2\",\"2\",\"2\",\"2\",\"2\",\"2\",\"2\",\"2\",\"2\"]]'),(178,398,64.5,'[[\"1.5\",\"1.5\",\"1.5\",\"1.5\",\"1.5\",\"1.5\",\"1.5\",\"1.5\",\"1.5\",\"1.5\"],[\"1.5\",\"1.5\",\"1.5\",\"1.5\",\"1.5\",\"1\",\"0.5\",\"0.5\",\"0.5\",\"0.5\"],[\"2\",\"2\",\"2\",\"2\",\"2\",\"2\",\"2\",\"2\",\"2\",\"1\"],[\"2\",\"2\",\"2\",\"2\",\"2\",\"2\",\"2\",\"2\",\"2\",\"2\"]]'),(179,399,66.5,'[[\"1.5\",\"1.5\",\"1.5\",\"1.5\",\"1.5\",\"1.5\",\"1.5\",\"1.5\",\"1.5\",\"1.5\"],[\"1.5\",\"1.5\",\"1.5\",\"1.5\",\"1.5\",\"1\",\"1\",\"1\",\"1\",\"1\"],[\"2\",\"2\",\"2\",\"2\",\"2\",\"2\",\"2\",\"2\",\"2\",\"1\"],[\"2\",\"2\",\"2\",\"2\",\"2\",\"2\",\"2\",\"2\",\"2\",\"2\"]]'),(180,400,66.5,'[[\"1.5\",\"1.5\",\"1.5\",\"1.5\",\"1.5\",\"1.5\",\"1.5\",\"1.5\",\"1.5\",\"1.5\"],[\"1.5\",\"1.5\",\"1.5\",\"1.5\",\"1.5\",\"1\",\"1\",\"1\",\"1\",\"1\"],[\"2\",\"2\",\"2\",\"2\",\"2\",\"2\",\"2\",\"2\",\"2\",\"1\"],[\"2\",\"2\",\"2\",\"2\",\"2\",\"2\",\"2\",\"2\",\"2\",\"2\"]]'),(181,401,66.5,'[[\"1.5\",\"1.5\",\"1.5\",\"1.5\",\"1.5\",\"1.5\",\"1.5\",\"1.5\",\"1.5\",\"1.5\"],[\"1.5\",\"1.5\",\"1.5\",\"1.5\",\"1.5\",\"1\",\"1\",\"1\",\"1\",\"1\"],[\"2\",\"2\",\"2\",\"2\",\"2\",\"2\",\"2\",\"2\",\"2\",\"1\"],[\"2\",\"2\",\"2\",\"2\",\"2\",\"2\",\"2\",\"2\",\"2\",\"2\"]]'),(182,402,66.5,'[[\"1.5\",\"1.5\",\"1.5\",\"1.5\",\"1.5\",\"1.5\",\"1.5\",\"1.5\",\"1.5\",\"1.5\"],[\"1.5\",\"1.5\",\"1.5\",\"1.5\",\"1.5\",\"1\",\"1\",\"1\",\"1\",\"1\"],[\"2\",\"2\",\"2\",\"2\",\"2\",\"2\",\"2\",\"2\",\"2\",\"1\"],[\"2\",\"2\",\"2\",\"2\",\"2\",\"2\",\"2\",\"2\",\"2\",\"2\"]]'),(183,403,66.5,'[[\"1.5\",\"1.5\",\"1.5\",\"1.5\",\"1.5\",\"1.5\",\"1.5\",\"1.5\",\"1.5\",\"1.5\"],[\"1.5\",\"1.5\",\"1.5\",\"1.5\",\"1.5\",\"1\",\"1\",\"1\",\"1\",\"1\"],[\"2\",\"2\",\"2\",\"2\",\"2\",\"2\",\"2\",\"2\",\"2\",\"1\"],[\"2\",\"2\",\"2\",\"2\",\"2\",\"2\",\"2\",\"2\",\"2\",\"2\"]]'),(184,404,66.5,'[[\"1.5\",\"1.5\",\"1.5\",\"1.5\",\"1.5\",\"1.5\",\"1.5\",\"1.5\",\"1.5\",\"1.5\"],[\"1.5\",\"1.5\",\"1.5\",\"1.5\",\"1.5\",\"1\",\"1\",\"1\",\"1\",\"1\"],[\"2\",\"2\",\"2\",\"2\",\"2\",\"2\",\"2\",\"2\",\"2\",\"1\"],[\"2\",\"2\",\"2\",\"2\",\"2\",\"2\",\"2\",\"2\",\"2\",\"2\"]]'),(185,405,67,'[[\"1.5\",\"1.5\",\"1.5\",\"1.5\",\"1.5\",\"1.5\",\"1.5\",\"1.5\",\"1.5\",\"1.5\"],[\"1.5\",\"1.5\",\"1.5\",\"1.5\",\"1.5\",\"1\",\"1\",\"1\",\"1\",\"1\"],[\"2\",\"2\",\"2\",\"2\",\"2\",\"2\",\"2\",\"2\",\"2\",\"1.5\"],[\"2\",\"2\",\"2\",\"2\",\"2\",\"2\",\"2\",\"2\",\"2\",\"2\"]]'),(186,406,67,'[[\"1.5\",\"1.5\",\"1.5\",\"1.5\",\"1.5\",\"1.5\",\"1.5\",\"1.5\",\"1.5\",\"1.5\"],[\"1.5\",\"1.5\",\"1.5\",\"1.5\",\"1.5\",\"1\",\"1\",\"1\",\"1\",\"1\"],[\"2\",\"2\",\"2\",\"2\",\"2\",\"2\",\"2\",\"2\",\"2\",\"1.5\"],[\"2\",\"2\",\"2\",\"2\",\"2\",\"2\",\"2\",\"2\",\"2\",\"2\"]]'),(187,407,67,'[[\"1.5\",\"1.5\",\"1.5\",\"1.5\",\"1.5\",\"1.5\",\"1.5\",\"1.5\",\"1.5\",\"1.5\"],[\"1.5\",\"1.5\",\"1.5\",\"1.5\",\"1.5\",\"1\",\"1\",\"1\",\"1\",\"1\"],[\"2\",\"2\",\"2\",\"2\",\"2\",\"2\",\"2\",\"2\",\"2\",\"1.5\"],[\"2\",\"2\",\"2\",\"2\",\"2\",\"2\",\"2\",\"2\",\"2\",\"2\"]]'),(188,408,67,'[[\"1.5\",\"1.5\",\"1.5\",\"1.5\",\"1.5\",\"1.5\",\"1.5\",\"1.5\",\"1.5\",\"1.5\"],[\"1.5\",\"1.5\",\"1.5\",\"1.5\",\"1.5\",\"1\",\"1\",\"1\",\"1\",\"1\"],[\"2\",\"2\",\"2\",\"2\",\"2\",\"2\",\"2\",\"2\",\"2\",\"1.5\"],[\"2\",\"2\",\"2\",\"2\",\"2\",\"2\",\"2\",\"2\",\"2\",\"2\"]]'),(189,409,67,'[[\"1.5\",\"1.5\",\"1.5\",\"1.5\",\"1.5\",\"1.5\",\"1.5\",\"1.5\",\"1.5\",\"1.5\"],[\"1.5\",\"1.5\",\"1.5\",\"1.5\",\"1.5\",\"1\",\"1\",\"1\",\"1\",\"1\"],[\"2\",\"2\",\"2\",\"2\",\"2\",\"2\",\"2\",\"2\",\"2\",\"1.5\"],[\"2\",\"2\",\"2\",\"2\",\"2\",\"2\",\"2\",\"2\",\"2\",\"2\"]]'),(190,410,67,'[[\"1.5\",\"1.5\",\"1.5\",\"1.5\",\"1.5\",\"1.5\",\"1.5\",\"1.5\",\"1.5\",\"1.5\"],[\"1.5\",\"1.5\",\"1.5\",\"1.5\",\"1.5\",\"1\",\"1\",\"1\",\"1\",\"1\"],[\"2\",\"2\",\"2\",\"2\",\"2\",\"2\",\"2\",\"2\",\"2\",\"1.5\"],[\"2\",\"2\",\"2\",\"2\",\"2\",\"2\",\"2\",\"2\",\"2\",\"2\"]]'),(191,411,67,'[[\"1.5\",\"1.5\",\"1.5\",\"1.5\",\"1.5\",\"1.5\",\"1.5\",\"1.5\",\"1.5\",\"1.5\"],[\"1.5\",\"1.5\",\"1.5\",\"1.5\",\"1.5\",\"1\",\"1\",\"1\",\"1\",\"1\"],[\"2\",\"2\",\"2\",\"2\",\"2\",\"2\",\"2\",\"2\",\"2\",\"1.5\"],[\"2\",\"2\",\"2\",\"2\",\"2\",\"2\",\"2\",\"2\",\"2\",\"2\"]]'),(192,412,67,'[[\"1.5\",\"1.5\",\"1.5\",\"1.5\",\"1.5\",\"1.5\",\"1.5\",\"1.5\",\"1.5\",\"1.5\"],[\"1.5\",\"1.5\",\"1.5\",\"1.5\",\"1.5\",\"1\",\"1\",\"1\",\"1\",\"1\"],[\"2\",\"2\",\"2\",\"2\",\"2\",\"2\",\"2\",\"2\",\"2\",\"1.5\"],[\"2\",\"2\",\"2\",\"2\",\"2\",\"2\",\"2\",\"2\",\"2\",\"2\"]]'),(193,413,67,'[[\"1.5\",\"1.5\",\"1.5\",\"1.5\",\"1.5\",\"1.5\",\"1.5\",\"1.5\",\"1.5\",\"1.5\"],[\"1.5\",\"1.5\",\"1.5\",\"1.5\",\"1.5\",\"1\",\"1\",\"1\",\"1\",\"1\"],[\"2\",\"2\",\"2\",\"2\",\"2\",\"2\",\"2\",\"2\",\"2\",\"1.5\"],[\"2\",\"2\",\"2\",\"2\",\"2\",\"2\",\"2\",\"2\",\"2\",\"2\"]]'),(194,414,76,'[[\"1.5\",\"1.5\",\"1.5\",\"1.5\",\"1.5\",\"1.5\",\"1.5\",\"1.5\",\"1.5\",\"1.5\"],[\"1.5\",\"1.5\",\"1.5\",\"1.5\",\"1.5\",\"1\",\"1\",\"1\",\"1\",\"1\"],[\"3\",\"3\",\"3\",\"3\",\"3\",\"3\",\"3\",\"3\",\"3\",\"1.5\"],[\"2\",\"2\",\"2\",\"2\",\"2\",\"2\",\"2\",\"2\",\"2\",\"2\"]]'),(195,415,84.5,'[[\"2\",\"2\",\"2\",\"2\",\"2\",\"2\",\"2\",\"2\",\"2\",\"2\"],[\"2\",\"2\",\"2\",\"2\",\"2\",\"2\",\"1\",\"1\",\"1\",\"1\"],[\"3\",\"3\",\"3\",\"3\",\"3\",\"3\",\"3\",\"3\",\"3\",\"1.5\"],[\"2\",\"2\",\"2\",\"2\",\"2\",\"2\",\"2\",\"2\",\"2\",\"2\"]]'),(196,416,84.5,'[[\"2\",\"2\",\"2\",\"2\",\"2\",\"2\",\"2\",\"2\",\"2\",\"2\"],[\"2\",\"2\",\"2\",\"2\",\"2\",\"2\",\"1\",\"1\",\"1\",\"1\"],[\"3\",\"3\",\"3\",\"3\",\"3\",\"3\",\"3\",\"3\",\"3\",\"1.5\"],[\"2\",\"2\",\"2\",\"2\",\"2\",\"2\",\"2\",\"2\",\"2\",\"2\"]]'),(197,417,84.5,'[[\"2\",\"2\",\"2\",\"2\",\"2\",\"2\",\"2\",\"2\",\"2\",\"2\"],[\"2\",\"2\",\"2\",\"2\",\"2\",\"2\",\"1\",\"1\",\"1\",\"1\"],[\"3\",\"3\",\"3\",\"3\",\"3\",\"3\",\"3\",\"3\",\"3\",\"1.5\"],[\"2\",\"2\",\"2\",\"2\",\"2\",\"2\",\"2\",\"2\",\"2\",\"2\"]]'),(198,418,84.5,'[[\"2\",\"2\",\"2\",\"2\",\"2\",\"2\",\"2\",\"2\",\"2\",\"2\"],[\"2\",\"2\",\"2\",\"2\",\"2\",\"2\",\"1\",\"1\",\"1\",\"1\"],[\"3\",\"3\",\"3\",\"3\",\"3\",\"3\",\"3\",\"3\",\"3\",\"1.5\"],[\"2\",\"2\",\"2\",\"2\",\"2\",\"2\",\"2\",\"2\",\"2\",\"2\"]]'),(199,419,84.5,'[[\"2\",\"2\",\"2\",\"2\",\"2\",\"2\",\"2\",\"2\",\"2\",\"2\"],[\"2\",\"2\",\"2\",\"2\",\"2\",\"2\",\"1\",\"1\",\"1\",\"1\"],[\"3\",\"3\",\"3\",\"3\",\"3\",\"3\",\"3\",\"3\",\"3\",\"1.5\"],[\"2\",\"2\",\"2\",\"2\",\"2\",\"2\",\"2\",\"2\",\"2\",\"2\"]]'),(200,420,84.5,'[[\"2\",\"2\",\"2\",\"2\",\"2\",\"2\",\"2\",\"2\",\"2\",\"2\"],[\"2\",\"2\",\"2\",\"2\",\"2\",\"2\",\"1\",\"1\",\"1\",\"1\"],[\"3\",\"3\",\"3\",\"3\",\"3\",\"3\",\"3\",\"3\",\"3\",\"1.5\"],[\"2\",\"2\",\"2\",\"2\",\"2\",\"2\",\"2\",\"2\",\"2\",\"2\"]]'),(201,421,84.5,'[[\"2\",\"2\",\"2\",\"2\",\"2\",\"2\",\"2\",\"2\",\"2\",\"2\"],[\"2\",\"2\",\"2\",\"2\",\"2\",\"2\",\"1\",\"1\",\"1\",\"1\"],[\"3\",\"3\",\"3\",\"3\",\"3\",\"3\",\"3\",\"3\",\"3\",\"1.5\"],[\"2\",\"2\",\"2\",\"2\",\"2\",\"2\",\"2\",\"2\",\"2\",\"2\"]]'),(202,422,84.5,'[[\"2\",\"2\",\"2\",\"2\",\"2\",\"2\",\"2\",\"2\",\"2\",\"2\"],[\"2\",\"2\",\"2\",\"2\",\"2\",\"2\",\"1\",\"1\",\"1\",\"1\"],[\"3\",\"3\",\"3\",\"3\",\"3\",\"3\",\"3\",\"3\",\"3\",\"1.5\"],[\"2\",\"2\",\"2\",\"2\",\"2\",\"2\",\"2\",\"2\",\"2\",\"2\"]]'),(203,423,84.5,'[[\"2\",\"2\",\"2\",\"2\",\"2\",\"2\",\"2\",\"2\",\"2\",\"2\"],[\"2\",\"2\",\"2\",\"2\",\"2\",\"2\",\"1\",\"1\",\"1\",\"1\"],[\"3\",\"3\",\"3\",\"3\",\"3\",\"3\",\"3\",\"3\",\"3\",\"1.5\"],[\"2\",\"2\",\"2\",\"2\",\"2\",\"2\",\"2\",\"2\",\"2\",\"2\"]]'),(204,424,84.5,'[[\"2\",\"2\",\"2\",\"2\",\"2\",\"2\",\"2\",\"2\",\"2\",\"2\"],[\"2\",\"2\",\"2\",\"2\",\"2\",\"2\",\"1\",\"1\",\"1\",\"1\"],[\"3\",\"3\",\"3\",\"3\",\"3\",\"3\",\"3\",\"3\",\"3\",\"1.5\"],[\"2\",\"2\",\"2\",\"2\",\"2\",\"2\",\"2\",\"2\",\"2\",\"2\"]]'),(207,271,71,'[[\"2\",\"2\",\"2\",\"2\",\"0\"],[\"2\",\"2\",\"2\",\"2\",\"0\",\"2\",\"2\",\"2\",\"2\",\"0\"],[\"2\",\"1\",\"1\",\"2\",\"1\"],[\"4\",\"4\",\"4\",\"5\",\"6\",\"5\",\"4\",\"5\",\"3\",\"0\"]]'),(212,269,71,'[[\"2\",\"2\",\"2\",\"2\",\"0\"],[\"2\",\"2\",\"2\",\"2\",\"0\",\"2\",\"2\",\"2\",\"2\",\"0\"],[\"2\",\"1\",\"1\",\"2\",\"1\"],[\"4\",\"4\",\"4\",\"5\",\"6\",\"5\",\"4\",\"5\",\"3\",\"0\"]]'),(213,268,64,'[[\"2\",\"2\",\"2\",\"2\",\"2\"],[\"3\",\"3\",\"3\",\"3\",\"4\",\"5\",\"6\",\"2\",\"2\",\"2\"],[\"2\",\"2\",\"2\",\"2\",\"2\"],[\"2\",\"1\",\"1\",\"1\",\"1\",\"1\",\"1\",\"1\",\"1\",\"1\"]]');
/*!40000 ALTER TABLE `student_final_score` ENABLE KEYS */;
UNLOCK TABLES;

--
-- Table structure for table `student_information`
--

DROP TABLE IF EXISTS `student_information`;
/*!40101 SET @saved_cs_client     = @@character_set_client */;
/*!40101 SET character_set_client = utf8 */;
CREATE TABLE `student_information` (
  `id` int(11) NOT NULL AUTO_INCREMENT,
  `student_number` varchar(20) NOT NULL,
  `password` varchar(16) DEFAULT '000000',
  `student_name` varchar(10) NOT NULL,
  `class_name` varchar(100) NOT NULL,
  `course_id` int(11) NOT NULL,
  `comprehensive_score` double DEFAULT '0',
  PRIMARY KEY (`id`),
  KEY `课程信息和学生信息关联` (`course_id`),
  CONSTRAINT `课程信息和学生信息关联` FOREIGN KEY (`course_id`) REFERENCES `course_basic_information` (`id`) ON DELETE CASCADE ON UPDATE CASCADE
) ENGINE=InnoDB AUTO_INCREMENT=1479 DEFAULT CHARSET=utf8;
/*!40101 SET character_set_client = @saved_cs_client */;

--
-- Dumping data for table `student_information`
--

LOCK TABLES `student_information` WRITE;
/*!40000 ALTER TABLE `student_information` DISABLE KEYS */;
INSERT INTO `student_information` VALUES (127,'24242','000000','张三十','计科2020',10,85.3),(128,'202020111922','000000','张三丰','计科20202',10,35.7),(129,'20171151052','000000','王璇凯','计科2020',10,34.4),(130,'20201122','000000','陈明鹤子','电子信息工程2020',10,26.6),(131,'20201152056','000000','ygw','qwqwqw',10,25.2),(132,'20201152088','000000','张三','计科2020',10,23.7),(133,'231','000000','王武','计科2020',10,23.7),(134,'23121','000000','李四','123',10,23.7),(135,'1231','000000','王小强','计科2020',10,23.7),(136,'20201152058','000000','阳光伟','计科2020',10,23.7),(137,'12311111','000000','123','123',10,23.7),(138,'20201152066','000000','杨小姐','计科2020',10,23.7),(139,'20202116798','000000','黄金时代','212100',10,23.7),(140,'123','000000','123','123',10,23.7),(141,'123131313123','000000','12313','1231',10,23.7),(142,'20201155577','000000','雅加达','接口1001',10,23.7),(143,'12132313','000000','张老师','咳咳阿三202',10,23.7),(144,'3922834923892','000000','啊哈大将','678',10,23.7),(145,'1231231','000000','231321','3123123',10,23.7),(146,'123123','000000','1231231','31231231',10,23.7),(149,'221111290','000000','zhsjaj','1212kasjk',10,23.7),(150,'242422020222','000000','张三三十三','计科2020',10,39.8),(151,'201711510522','000000','王璇凯','计科2020',10,23.7),(152,'20201151002','000000','陈明鹤','电子信息工程2020',10,23.7),(153,'2020115100221','000000','ygw','qwqwqw',10,23.7),(154,'202011520881','000000','张三','计科2020',10,23.7),(155,'231238293333','000000','王武','计科2020',10,23.7),(268,'20201151002','000000','陈明鹤','电子信息工程2020',12,72),(269,'20201151006','000000','王凤云','电子信息工程2020',12,77),(270,'20201151008','000000','赵国安','电子信息工程2020',12,77),(271,'20201151010','000000','李煜泽','电子信息工程2020',12,77),(273,'20201151016','000000','张正昇','电子信息工程2020',12,81),(274,'20201151018','000000','尹翔民','电子信息工程2020',12,63),(275,'20201151022','000000','王小龙','电子信息工程2020',12,65),(276,'20201151024','000000','李志伟','电子信息工程2020',12,73),(277,'20201151026','000000','张三','电子信息工程2020',12,85),(278,'20201151027','000000','李一书','电子信息工程2020',12,71),(279,'20201151030','000000','明念坤','电子信息工程2020',12,82),(280,'20201151032','000000','王春明','电子信息工程2020',12,72),(281,'20201151034','000000','沐里施奇','电子信息工程2020',12,76),(282,'20201151036','000000','杨旺','电子信息工程2020',12,78),(283,'20201151038','000000','李建香','电子信息工程2020',12,82),(284,'20201151040','000000','范诚','电子信息工程2020',12,79),(285,'20201151044','000000','王翰轩','电子信息工程2020',12,72),(286,'20201151046','000000','胡源涛','电子信息工程2020',12,69),(287,'20201151048','000000','柳成飞','电子信息工程2020',12,78),(288,'20201151050','000000','刘浦','电子信息工程2020',12,71),(289,'20201151052','000000','朱恒','电子信息工程2020',12,78),(290,'20201151054','000000','金晶','电子信息工程2020',12,76),(291,'20201151056','000000','何友啸','电子信息工程2020',12,88),(292,'20201151058','000000','宗维鑫','电子信息工程2020',12,81),(293,'20201151060','000000','计骁洋','电子信息工程2020',12,85),(294,'20201151062','000000','程阴羽','电子信息工程2020',12,83),(295,'20201151064','000000','张涛','电子信息工程2020',12,84),(296,'20201151066','000000','谷静杭','电子信息工程2020',12,80),(297,'20201151068','000000','王鑫杰','电子信息工程2020',12,79),(298,'20201151070','000000','张玉明','电子信息工程2020',12,76),(299,'20201151072','000000','陈骋','电子信息工程2020',12,44),(300,'20201151074','000000','施权峰','电子信息工程2020',12,80),(363,'20181154003','000000','袁典','电子科学与技术2018',14,80),(364,'20221161001','000000','段明','电子信息工程2022(专升本)班',14,76),(365,'20221161002','000000','段立明','电子信息工程2022(专升本)班',14,76),(366,'20221161003','000000','赵云芳','电子信息工程2022(专升本)班',14,80),(367,'20221161004','000000','刘志雄','电子信息工程2022(专升本)班',14,80),(368,'20221161005','000000','马美浩','电子信息工程2022(专升本)班',14,80),(369,'20221161006','000000','韩军城','电子信息工程2022(专升本)班',14,80),(370,'20221161007','000000','侯贵梅','电子信息工程2022(专升本)班',14,81),(371,'20221161008','000000','李鹏','电子信息工程2022(专升本)班',14,81),(372,'20221161009','000000','李春增','电子信息工程2022(专升本)班',14,81),(373,'20221161010','000000','陈东','电子信息工程2022(专升本)班',14,81),(374,'20221161011','000000','段云富','电子信息工程2022(专升本)班',14,82),(375,'20221161012','000000','范海金','电子信息工程2022(专升本)班',14,82),(376,'20221161013','000000','冯志鑫','电子信息工程2022(专升本)班',14,82),(377,'20221161014','000000','施龙飞','电子信息工程2022(专升本)班',14,83),(378,'20221161015','000000','陈元丽','电子信息工程2022(专升本)班',14,83),(379,'20221161016','000000','艾迅','电子信息工程2022(专升本)班',14,83),(380,'20221161017','000000','杨鸿瑞','电子信息工程2022(专升本)班',14,83),(381,'20221161018','000000','李翟','电子信息工程2022(专升本)班',14,83),(382,'20221161019','000000','查维斯','电子信息工程2022(专升本)班',14,84),(383,'20221161020','000000','赵培磊','电子信息工程2022(专升本)班',14,84),(384,'20221161021','000000','伯年宗','电子信息工程2022(专升本)班',14,77),(385,'20221161022','000000','梅跃何','电子信息工程2022(专升本)班',14,77),(386,'20221161023','000000','于玥','电子信息工程2022(专升本)班',14,77),(387,'20221161024','000000','王瑞','电子信息工程2022(专升本)班',14,77),(388,'20221161025','000000','李露','电子信息工程2022(专升本)班',14,78),(389,'20221161026','000000','张炆冉','电子信息工程2022(专升本)班',14,78),(390,'20221161027','000000','高赫','电子信息工程2022(专升本)班',14,78),(391,'20221161028','000000','苏洋','电子信息工程2022(专升本)班',14,78),(392,'20221161029','000000','歹訢力','电子信息工程2022(专升本)班',14,79),(393,'20221161030','000000','徐华键','电子信息工程2022(专升本)班',14,79),(394,'20221161031','000000','张昌雅','电子信息工程2022(专升本)班',14,79),(395,'20221161032','000000','姚亮','电子信息工程2022(专升本)班',14,79),(396,'20221161033','000000','雷峥','电子信息工程2022(专升本)班',14,67),(397,'20221161034','000000','黄海','电子信息工程2022(专升本)班',14,67),(398,'20221161035','000000','肖昌苑','电子信息工程2022(专升本)班',14,67),(399,'20221161036','000000','线国强','电子信息工程2022(专升本)班',14,69),(400,'20221161037','000000','王磊','电子信息工程2022(专升本)班',14,69),(401,'20221161038','000000','熊天云','电子信息工程2022(专升本)班',14,69),(402,'20221161039','000000','陈爱权','电子信息工程2022(专升本)班',14,70),(403,'20221161040','000000','胡国平','电子信息工程2022(专升本)班',14,70),(404,'20221161041','000000','樊奉武','电子信息工程2022(专升本)班',14,70),(405,'20221161042','000000','叶泽','电子信息工程2022(专升本)班',14,70),(406,'20221161043','000000','吴礼鹏','电子信息工程2022(专升本)班',14,71),(407,'20221161045','000000','李星星','电子信息工程2022(专升本)班',14,71),(408,'20221161046','000000','赵双林','电子信息工程2022(专升本)班',14,71),(409,'20221161047','000000','蒲懿缤','电子信息工程2022(专升本)班',14,71),(410,'20221161048','000000','鲁爽','电子信息工程2022(专升本)班',14,72),(411,'20221161049','000000','禹泉','电子信息工程2022(专升本)班',14,72),(412,'20221161050','000000','王张清','电子信息工程2022(专升本)班',14,68),(413,'20221161051','000000','姚程曦','电子信息工程2022(专升本)班',14,68),(414,'20221161052','000000','李石飞','电子信息工程2022(专升本)班',14,75),(415,'20221161053','000000','杨鹏翔','电子信息工程2022(专升本)班',14,81),(416,'20221161054','000000','普雅思','电子信息工程2022(专升本)班',14,81),(417,'20221161055','000000','农永东','电子信息工程2022(专升本)班',14,81),(418,'20221161056','000000','彭志华','电子信息工程2022(专升本)班',14,82),(419,'20221161057','000000','张海峰','电子信息工程2022(专升本)班',14,82),(420,'20221161058','000000','杨雄埸','电子信息工程2022(专升本)班',14,82),(421,'20221161059','000000','马荣碧','电子信息工程2022(专升本)班',14,82),(422,'20221161060','000000','李田闰','电子信息工程2022(专升本)班',14,82),(423,'20221161061','000000','冯云川','电子信息工程2022(专升本)班',14,83),(424,'20221161062','000000','刘登','电子信息工程2022(专升本)班',14,83),(592,'20170152027','000000','潘娇玲','计算机科学与技术2019',216,21),(593,'20170655005','000000','宋庆烽','计算机科学与技术2019',216,21),(594,'20171151052','000000','王璇','电子信息工程2020(2)班',216,21),(595,'20171152045','000000','陈宏达','计算机科学与技术2019',216,21),(596,'20180152016','000000','肖晨亮','计算机科学与技术2020',216,21),(597,'20180453020','000000','赵尔康','计算机科学与技术2020',216,21),(598,'20180952027','000000','余星位','计算机科学与技术2020',216,21),(599,'20181151033','000000','郭荣伟','电子信息工程2020(1)班',216,21),(600,'20181151034','000000','陶福茁','电子信息工程2020(1)班',216,21),(601,'20181151039','000000','耿奥','电子信息工程2020(1)班',216,21),(602,'20181152010','000000','徐禀辰','计算机科学与技术2019',216,21),(603,'20181152036','000000','周博','计算机科学与技术2019',216,21),(604,'20181254016','000000','邢安懿','计算机科学与技术2021班',216,21),(605,'20190852020','000000','马振然','计算机科学与技术2020',216,21),(606,'20190859051','000000','陈煜元','计算机科学与技术2019',216,21),(607,'20190953043','000000','赵文华','数据科学与大数据技术2019',216,21),(608,'20191054017','000000','双辰','计算机科学与技术2019',216,21),(609,'20191151001','000000','任学颖','电子信息工程2019(1)班',216,21),(610,'20191151002','000000','李扬','电子信息工程2019(1)班',216,21),(611,'20191151003','000000','谭力','电子信息工程2019(1)班',216,21),(612,'20191151004','000000','许士通','电子信息工程2019(1)班',216,21),(613,'20191151005','000000','仝晓晖','电子信息工程2019(1)班',216,21),(614,'20191151006','000000','罗韬','电子信息工程2019(1)班',216,21),(615,'20191151007','000000','藕雨露','电子信息工程2019(1)班',216,21),(616,'20191151008','000000','凌俊宇','计算机科学与技术2019',216,21),(617,'20191151009','000000','陆江龙','电子信息工程2019(1)班',216,21),(618,'20191151010','000000','李松沂','电子信息工程2019(1)班',216,21),(619,'20191151011','000000','刘英豪','电子信息工程2019(1)班',216,21),(620,'20191151012','000000','王浩博','电子信息工程2019(1)班',216,21),(621,'20191151013','000000','贾瑞光','电子信息工程2019(1)班',216,21),(622,'20191151014','000000','谢开初','电子信息工程2019(1)班',216,21),(623,'20191151015','000000','林志华','电子信息工程2019(1)班',216,21),(624,'20191151016','000000','韦增醒','电子信息工程2019(1)班',216,21),(625,'20191151017','000000','邓欣灏','电子信息工程2019(1)班',216,21),(626,'20191151018','000000','王磊','电子信息工程2019(1)班',216,21),(627,'20191151019','000000','张皓','电子信息工程2019(1)班',216,21),(628,'20191151020','000000','陈敏','电子信息工程2019(1)班',216,21),(629,'20191151021','000000','毕国芳','电子信息工程2019(1)班',216,21),(630,'20191151022','000000','林伟国','电子信息工程2019(1)班',216,21),(631,'20191151023','000000','王飞一','电子信息工程2019(1)班',216,21),(632,'20191151024','000000','陈世涛','电子信息工程2019(1)班',216,21),(633,'20191151025','000000','陈宗月','电子信息工程2019(1)班',216,21),(634,'20191151026','000000','胡刚','电子信息工程2019(1)班',216,21),(635,'20191151027','000000','崔波','电子信息工程2019(1)班',216,21),(636,'20191151028','000000','郭荣江','电子信息工程2019(1)班',216,21),(637,'20191151029','000000','赵长帅','电子信息工程2019(1)班',216,21),(638,'20191151030','000000','陈开浪','电子信息工程2019(1)班',216,21),(639,'20191151031','000000','刘帅','电子信息工程2019(1)班',216,21),(640,'20191151032','000000','李朝','电子信息工程2019(1)班',216,21),(641,'20191151033','000000','冯开新','电子信息工程2019(1)班',216,21),(642,'20191151034','000000','曾庆宇','电子信息工程2019(1)班',216,21),(643,'20191151035','000000','宗吉华','电子信息工程2019(1)班',216,21),(644,'20191151037','000000','杨友','电子信息工程2019(1)班',216,21),(645,'20191151038','000000','张倬宾','电子信息工程2019(2)班',216,21),(646,'20191151041','000000','朱桓乐','电子信息工程2019(2)班',216,21),(647,'20191151042','000000','陈争云','电子信息工程2019(2)班',216,21),(648,'20191151043','000000','吴欣洲','电子信息工程2019(2)班',216,21),(649,'20191151044','000000','张建荣','电子信息工程2019(2)班',216,21),(650,'20191151045','000000','拜晓娟','电子信息工程2019(2)班',216,21),(651,'20191151046','000000','李昌蔚','电子信息工程2019(2)班',216,21),(652,'20191151047','000000','张林坤','电子信息工程2019(2)班',216,21),(653,'20191151048','000000','吴中冠','电子信息工程2019(2)班',216,21),(654,'20191151049','000000','缪联','电子信息工程2019(2)班',216,21),(655,'20191151050','000000','王韵涛','电子信息工程2019(2)班',216,21),(656,'20191151051','000000','方禹杰','电子信息工程2019(2)班',216,21),(657,'20191151053','000000','杨新艳','电子信息工程2019(2)班',216,21),(658,'20191151055','000000','施俊刚','电子信息工程2019(2)班',216,21),(659,'20191151056','000000','王富豪','电子信息工程2019(2)班',216,21),(660,'20191151057','000000','赵兴媛','电子信息工程2019(2)班',216,21),(661,'20191151059','000000','方帆','电子信息工程2019(2)班',216,21),(662,'20191151060','000000','普佐归','电子信息工程2019(2)班',216,21),(663,'20191151061','000000','普荣强','电子信息工程2019(2)班',216,21),(664,'20191151062','000000','李嘉聪','电子信息工程2019(2)班',216,21),(665,'20191151063','000000','李根广','电子信息工程2019(2)班',216,21),(666,'20191151064','000000','杨德斌','电子信息工程2019(2)班',216,21),(667,'20191151065','000000','吴红全','电子信息工程2019(2)班',216,21),(668,'20191151066','000000','王勇顺','电子信息工程2019(2)班',216,21),(669,'20191151067','000000','胡嘉靖','电子信息工程2019(2)班',216,21),(670,'20191151069','000000','张鑫','电子信息工程2019(2)班',216,21),(671,'20191151070','000000','王甲一','电子信息工程2019(2)班',216,21),(672,'20191151071','000000','吴文杰','电子信息工程2019(2)班',216,21),(673,'20191151072','000000','刘洋','电子信息工程2019(2)班',216,21),(674,'20191151073','000000','马胧','电子信息工程2019(2)班',216,21),(675,'20191151074','000000','张妮','电子信息工程2019(2)班',216,21),(676,'20191151075','000000','李箬璇','电子信息工程2019(2)班',216,21),(677,'20191152001','000000','王璐琳','计算机科学与技术2019',216,21),(678,'20191152002','000000','查海涛','计算机科学与技术2019',216,21),(679,'20191152003','000000','王凯','计算机科学与技术2019',216,21),(680,'20191152004','000000','马欣宇','计算机科学与技术2019',216,21),(681,'20191152005','000000','朱吉林','计算机科学与技术2019',216,21),(682,'20191152006','000000','范浩','计算机科学与技术2019',216,21),(683,'20191152007','000000','王宁','计算机科学与技术2019',216,21),(684,'20191152008','000000','赵卓','计算机科学与技术2019',216,21),(685,'20191152009','000000','王子义','计算机科学与技术2019',216,21),(686,'20191152010','000000','吴彬','计算机科学与技术2019',216,21),(687,'20191152011','000000','刘楚惠','计算机科学与技术2019',216,21),(688,'20191152012','000000','林海','计算机科学与技术2019',216,21),(689,'20191152013','000000','蔡欣龙','计算机科学与技术2019',216,21),(690,'20191152014','000000','王清燕','计算机科学与技术2019',216,21),(691,'20191152015','000000','陈皓','计算机科学与技术2019',216,21),(692,'20191152016','000000','刘昕蕾','计算机科学与技术2019',216,21),(693,'20191152017','000000','李中正','计算机科学与技术2019',216,21),(694,'20191152018','000000','赵霞','计算机科学与技术2019',216,21),(695,'20191152019','000000','史志全','计算机科学与技术2019',216,21),(696,'20191152020','000000','谭林峰','计算机科学与技术2019',216,21),(697,'20191152021','000000','杨银贤','计算机科学与技术2019',216,21),(698,'20191152022','000000','邱鸿','计算机科学与技术2019',216,21),(699,'20191152023','000000','李涛','计算机科学与技术2019',216,21),(700,'20191152025','000000','范航坤','计算机科学与技术2019',216,21),(701,'20191152026','000000','吴先虎','计算机科学与技术2019',216,21),(702,'20191152027','000000','简荣傲','计算机科学与技术2019',216,21),(703,'20191152028','000000','高元伟','计算机科学与技术2019',216,21),(704,'20191152030','000000','肖进美','计算机科学与技术2019',216,21),(705,'20191152031','000000','周贤伦','计算机科学与技术2019',216,21),(706,'20191152032','000000','武耀','计算机科学与技术2019',216,21),(707,'20191152033','000000','赵国','计算机科学与技术2019',216,21),(708,'20191152034','000000','赵自立','计算机科学与技术2019',216,21),(709,'20191152035','000000','李苑','计算机科学与技术2019',216,21),(710,'20191152036','000000','王超','计算机科学与技术2019',216,21),(711,'20191152037','000000','范茜','计算机科学与技术2019',216,21),(712,'20191152038','000000','徐琳璐','计算机科学与技术2019',216,21),(713,'20191152039','000000','赵垚','计算机科学与技术2019',216,21),(714,'20191152040','000000','刘祎飏','计算机科学与技术2019',216,21),(715,'20191152041','000000','浦同矫','计算机科学与技术2019',216,21),(716,'20191152042','000000','康曦林','计算机科学与技术2019',216,21),(717,'20191152043','000000','王婷','计算机科学与技术2019',216,21),(718,'20191152044','000000','骆付兵','计算机科学与技术2020',216,21),(719,'20191152045','000000','张颢馨','计算机科学与技术2019',216,21),(720,'20191152046','000000','田园','计算机科学与技术2019',216,21),(721,'20191152047','000000','顾勤艳','计算机科学与技术2019',216,21),(722,'20191152048','000000','杨健','计算机科学与技术2019',216,21),(723,'20191152049','000000','刘觐源','计算机科学与技术2019',216,21),(724,'20191152050','000000','黄娇','计算机科学与技术2019',216,21),(725,'20191152051','000000','李云祥','计算机科学与技术2019',216,21),(726,'20191152052','000000','张博','计算机科学与技术2019',216,21),(727,'20191152053','000000','白旭雨','计算机科学与技术2019',216,21),(728,'20191152054','000000','黄龙剑','计算机科学与技术2019',216,21),(729,'20191152055','000000','罗世丽','计算机科学与技术2019',216,21),(730,'20191152056','000000','赵寿娜','计算机科学与技术2019',216,21),(731,'20191152057','000000','李童','计算机科学与技术2019',216,21),(732,'20191152058','000000','朱淡源','计算机科学与技术2019',216,21),(733,'20191152059','000000','代艳婷','计算机科学与技术2019',216,21),(734,'20191152061','000000','杨魏杰','计算机科学与技术2019',216,21),(735,'20191152062','000000','杨继媛','计算机科学与技术2019',216,21),(736,'20191152063','000000','朱蓉','计算机科学与技术2019',216,21),(737,'20191152064','000000','钏揄玫','计算机科学与技术2019',216,21),(738,'20191152065','000000','和家欣','计算机科学与技术2019',216,21),(739,'20191152066','000000','赵旭鑫','计算机科学与技术2019',216,21),(740,'20191152067','000000','陈佩琪','计算机科学与技术2019',216,21),(741,'20191152068','000000','邱柏杨','计算机科学与技术2019',216,21),(742,'20191152069','000000','郭道源','计算机科学与技术2019',216,21),(743,'20191152070','000000','高飞龙','计算机科学与技术2019',216,21),(744,'20191152071','000000','郑宇','计算机科学与技术2019',216,21),(745,'20191152072','000000','孙宇洋','计算机科学与技术2019',216,21),(746,'20191152073','000000','姜在锺','计算机科学与技术2019',216,21),(747,'20191152074','000000','李钊','计算机科学与技术2019',216,21),(753,'20130953036','000000','李永亚','计算机科学与技术2019',11,0),(754,'20160655028','000000','柳晓强','计算机科学与技术2021班',11,0),(755,'20161155022','000000','李念','数据科学与大数据技术2019',11,0),(756,'20170152027','000000','潘娇玲','计算机科学与技术2019',11,0),(757,'20170655005','000000','宋庆烽','计算机科学与技术2019',11,0),(758,'20171151052','000000','王璇','电子信息工程2020(2)班',11,0),(759,'20171152045','000000','陈宏达','计算机科学与技术2019',11,0),(760,'20180152016','000000','肖晨亮','计算机科学与技术2020',11,0),(761,'20180453020','000000','赵尔康','计算机科学与技术2020',11,0),(762,'20180952027','000000','余星位','计算机科学与技术2020',11,0),(763,'20181151033','000000','郭荣伟','电子信息工程2020(1)班',11,0),(764,'20181151034','000000','陶福茁','电子信息工程2020(1)班',11,0),(765,'20181151039','000000','耿奥','电子信息工程2020(1)班',11,0),(766,'20181152010','000000','徐禀辰','计算机科学与技术2019',11,0),(767,'20181152036','000000','周博','计算机科学与技术2019',11,0),(768,'20181254016','000000','邢安懿','计算机科学与技术2021班',11,0),(769,'20190852020','000000','马振然','计算机科学与技术2020',11,0),(770,'20190859051','000000','陈煜元','计算机科学与技术2019',11,0),(771,'20190953043','000000','赵文华','数据科学与大数据技术2019',11,0),(772,'20191054017','000000','双辰','计算机科学与技术2019',11,0),(773,'20191151001','000000','任学颖','电子信息工程2019(1)班',11,0),(774,'20191151002','000000','李扬','电子信息工程2019(1)班',11,0),(775,'20191151003','000000','谭力','电子信息工程2019(1)班',11,0),(776,'20191151004','000000','许士通','电子信息工程2019(1)班',11,0),(777,'20191151005','000000','仝晓晖','电子信息工程2019(1)班',11,0),(778,'20191151006','000000','罗韬','电子信息工程2019(1)班',11,0),(779,'20191151007','000000','藕雨露','电子信息工程2019(1)班',11,0),(780,'20191151008','000000','凌俊宇','计算机科学与技术2019',11,0),(781,'20191151009','000000','陆江龙','电子信息工程2019(1)班',11,0),(782,'20191151010','000000','李松沂','电子信息工程2019(1)班',11,0),(783,'20191151011','000000','刘英豪','电子信息工程2019(1)班',11,0),(784,'20191151012','000000','王浩博','电子信息工程2019(1)班',11,0),(785,'20191151013','000000','贾瑞光','电子信息工程2019(1)班',11,0),(786,'20191151014','000000','谢开初','电子信息工程2019(1)班',11,0),(787,'20191151015','000000','林志华','电子信息工程2019(1)班',11,0),(788,'20191151016','000000','韦增醒','电子信息工程2019(1)班',11,0),(789,'20191151017','000000','邓欣灏','电子信息工程2019(1)班',11,0),(790,'20191151018','000000','王磊','电子信息工程2019(1)班',11,0),(791,'20191151019','000000','张皓','电子信息工程2019(1)班',11,0),(792,'20191151020','000000','陈敏','电子信息工程2019(1)班',11,0),(793,'20191151021','000000','毕国芳','电子信息工程2019(1)班',11,0),(794,'20191151022','000000','林伟国','电子信息工程2019(1)班',11,0),(795,'20191151023','000000','王飞一','电子信息工程2019(1)班',11,0),(796,'20191151024','000000','陈世涛','电子信息工程2019(1)班',11,0),(797,'20191151025','000000','陈宗月','电子信息工程2019(1)班',11,0),(798,'20191151026','000000','胡刚','电子信息工程2019(1)班',11,0),(799,'20191151027','000000','崔波','电子信息工程2019(1)班',11,0),(800,'20191151028','000000','郭荣江','电子信息工程2019(1)班',11,0),(801,'20191151029','000000','赵长帅','电子信息工程2019(1)班',11,0),(802,'20191151030','000000','陈开浪','电子信息工程2019(1)班',11,0),(803,'20191151031','000000','刘帅','电子信息工程2019(1)班',11,0),(804,'20191151032','000000','李朝','电子信息工程2019(1)班',11,0),(805,'20191151033','000000','冯开新','电子信息工程2019(1)班',11,0),(806,'20191151034','000000','曾庆宇','电子信息工程2019(1)班',11,0),(807,'20191151035','000000','宗吉华','电子信息工程2019(1)班',11,0),(808,'20191151037','000000','杨友','电子信息工程2019(1)班',11,0),(809,'20191151038','000000','张倬宾','电子信息工程2019(2)班',11,0),(810,'20191151041','000000','朱桓乐','电子信息工程2019(2)班',11,0),(811,'20191151042','000000','陈争云','电子信息工程2019(2)班',11,0),(812,'20191151043','000000','吴欣洲','电子信息工程2019(2)班',11,0),(813,'20191151044','000000','张建荣','电子信息工程2019(2)班',11,0),(814,'20191151045','000000','拜晓娟','电子信息工程2019(2)班',11,0),(815,'20191151046','000000','李昌蔚','电子信息工程2019(2)班',11,0),(816,'20191151047','000000','张林坤','电子信息工程2019(2)班',11,0),(817,'20191151048','000000','吴中冠','电子信息工程2019(2)班',11,0),(818,'20191151049','000000','缪联','电子信息工程2019(2)班',11,0),(819,'20191151050','000000','王韵涛','电子信息工程2019(2)班',11,0),(820,'20191151051','000000','方禹杰','电子信息工程2019(2)班',11,0),(821,'20191151053','000000','杨新艳','电子信息工程2019(2)班',11,0),(822,'20191151055','000000','施俊刚','电子信息工程2019(2)班',11,0),(823,'20191151056','000000','王富豪','电子信息工程2019(2)班',11,0),(824,'20191151057','000000','赵兴媛','电子信息工程2019(2)班',11,0),(825,'20191151059','000000','方帆','电子信息工程2019(2)班',11,0),(826,'20191151060','000000','普佐归','电子信息工程2019(2)班',11,0),(827,'20191151061','000000','普荣强','电子信息工程2019(2)班',11,0),(828,'20191151062','000000','李嘉聪','电子信息工程2019(2)班',11,0),(829,'20191151063','000000','李根广','电子信息工程2019(2)班',11,0),(830,'20191151064','000000','杨德斌','电子信息工程2019(2)班',11,0),(831,'20191151065','000000','吴红全','电子信息工程2019(2)班',11,0),(832,'20191151066','000000','王勇顺','电子信息工程2019(2)班',11,0),(833,'20191151067','000000','胡嘉靖','电子信息工程2019(2)班',11,0),(834,'20191151069','000000','张鑫','电子信息工程2019(2)班',11,0),(835,'20191151070','000000','王甲一','电子信息工程2019(2)班',11,0),(836,'20191151071','000000','吴文杰','电子信息工程2019(2)班',11,0),(837,'20191151072','000000','刘洋','电子信息工程2019(2)班',11,0),(838,'20191151073','000000','马胧','电子信息工程2019(2)班',11,0),(839,'20191151074','000000','张妮','电子信息工程2019(2)班',11,0),(840,'20191151075','000000','李箬璇','电子信息工程2019(2)班',11,0),(841,'20191152001','000000','王璐琳','计算机科学与技术2019',11,0),(842,'20191152002','000000','查海涛','计算机科学与技术2019',11,0),(843,'20191152003','000000','王凯','计算机科学与技术2019',11,0),(844,'20191152004','000000','马欣宇','计算机科学与技术2019',11,0),(845,'20191152005','000000','朱吉林','计算机科学与技术2019',11,0),(846,'20191152006','000000','范浩','计算机科学与技术2019',11,0),(847,'20191152007','000000','王宁','计算机科学与技术2019',11,0),(848,'20191152008','000000','赵卓','计算机科学与技术2019',11,0),(849,'20191152009','000000','王子义','计算机科学与技术2019',11,0),(850,'20191152010','000000','吴彬','计算机科学与技术2019',11,0),(851,'20191152011','000000','刘楚惠','计算机科学与技术2019',11,0),(852,'20191152012','000000','林海','计算机科学与技术2019',11,0),(853,'20191152013','000000','蔡欣龙','计算机科学与技术2019',11,0),(854,'20191152014','000000','王清燕','计算机科学与技术2019',11,0),(855,'20191152015','000000','陈皓','计算机科学与技术2019',11,0),(856,'20191152016','000000','刘昕蕾','计算机科学与技术2019',11,0),(857,'20191152017','000000','李中正','计算机科学与技术2019',11,0),(858,'20191152018','000000','赵霞','计算机科学与技术2019',11,0),(859,'20191152019','000000','史志全','计算机科学与技术2019',11,0),(860,'20191152020','000000','谭林峰','计算机科学与技术2019',11,0),(861,'20191152021','000000','杨银贤','计算机科学与技术2019',11,0),(862,'20191152022','000000','邱鸿','计算机科学与技术2019',11,0),(863,'20191152023','000000','李涛','计算机科学与技术2019',11,0),(864,'20191152025','000000','范航坤','计算机科学与技术2019',11,0),(865,'20191152026','000000','吴先虎','计算机科学与技术2019',11,0),(866,'20191152027','000000','简荣傲','计算机科学与技术2019',11,0),(867,'20191152028','000000','高元伟','计算机科学与技术2019',11,0),(868,'20191152030','000000','肖进美','计算机科学与技术2019',11,0),(869,'20191152031','000000','周贤伦','计算机科学与技术2019',11,0),(870,'20191152032','000000','武耀','计算机科学与技术2019',11,0),(871,'20191152033','000000','赵国','计算机科学与技术2019',11,0),(872,'20191152034','000000','赵自立','计算机科学与技术2019',11,0),(873,'20191152035','000000','李苑','计算机科学与技术2019',11,0),(874,'20191152036','000000','王超','计算机科学与技术2019',11,0),(875,'20191152037','000000','范茜','计算机科学与技术2019',11,0),(876,'20191152038','000000','徐琳璐','计算机科学与技术2019',11,0),(877,'20191152039','000000','赵垚','计算机科学与技术2019',11,0),(878,'20191152040','000000','刘祎飏','计算机科学与技术2019',11,0),(879,'20191152041','000000','浦同矫','计算机科学与技术2019',11,0),(880,'20191152042','000000','康曦林','计算机科学与技术2019',11,0),(881,'20191152043','000000','王婷','计算机科学与技术2019',11,0),(882,'20191152044','000000','骆付兵','计算机科学与技术2020',11,0),(883,'20191152045','000000','张颢馨','计算机科学与技术2019',11,0),(884,'20191152046','000000','田园','计算机科学与技术2019',11,0),(885,'20191152047','000000','顾勤艳','计算机科学与技术2019',11,0),(886,'20191152048','000000','杨健','计算机科学与技术2019',11,0),(887,'20191152049','000000','刘觐源','计算机科学与技术2019',11,0),(888,'20191152050','000000','黄娇','计算机科学与技术2019',11,0),(889,'20191152051','000000','李云祥','计算机科学与技术2019',11,0),(890,'20191152052','000000','张博','计算机科学与技术2019',11,0),(891,'20191152053','000000','白旭雨','计算机科学与技术2019',11,0),(892,'20191152054','000000','黄龙剑','计算机科学与技术2019',11,0),(893,'20191152055','000000','罗世丽','计算机科学与技术2019',11,0),(894,'20191152056','000000','赵寿娜','计算机科学与技术2019',11,0),(895,'20191152057','000000','李童','计算机科学与技术2019',11,0),(896,'20191152058','000000','朱淡源','计算机科学与技术2019',11,0),(897,'20191152059','000000','代艳婷','计算机科学与技术2019',11,0),(898,'20191152061','000000','杨魏杰','计算机科学与技术2019',11,0),(899,'20191152062','000000','杨继媛','计算机科学与技术2019',11,0),(900,'20191152063','000000','朱蓉','计算机科学与技术2019',11,0),(901,'20191152064','000000','钏揄玫','计算机科学与技术2019',11,0),(902,'20191152065','000000','和家欣','计算机科学与技术2019',11,0),(903,'20191152066','000000','赵旭鑫','计算机科学与技术2019',11,0),(904,'20191152067','000000','陈佩琪','计算机科学与技术2019',11,0),(905,'20191152068','000000','邱柏杨','计算机科学与技术2019',11,0),(906,'20191152069','000000','郭道源','计算机科学与技术2019',11,0),(907,'20191152070','000000','高飞龙','计算机科学与技术2019',11,0),(908,'20191152071','000000','郑宇','计算机科学与技术2019',11,0),(909,'20191152072','000000','孙宇洋','计算机科学与技术2019',11,0),(910,'20191152073','000000','姜在锺','计算机科学与技术2019',11,0),(911,'20191152074','000000','李钊','计算机科学与技术2019',11,0),(912,'20191152075','000000','马玲艳','计算机科学与技术2019',11,0),(913,'20191152076','000000','杨丽','计算机科学与技术2019',11,0),(1077,'20181151033','000000','郭荣伟','电子信息工程2020(1)班',48,0),(1078,'20181151034','000000','陶福茁','电子信息工程2020(1)班',48,0),(1079,'20181151039','000000','耿奥','电子信息工程2020(1)班',48,0),(1080,'20201151001','000000','孙文朔','电子信息工程2020(1)班',48,0),(1081,'20201151003','000000','庞泽巍','电子信息工程2020(1)班',48,0),(1082,'20201151005','000000','马子峰','电子信息工程2020(1)班',48,0),(1083,'20201151007','000000','李东','电子信息工程2020(1)班',48,0),(1084,'20201151009','000000','王海艳','电子信息工程2020(1)班',48,0),(1085,'20201151011','000000','王凯歌','电子信息工程2020(1)班',48,0),(1086,'20201151013','000000','田勇进','电子信息工程2020(1)班',48,0),(1087,'20201151015','000000','王烁','电子信息工程2020(1)班',48,0),(1088,'20201151017','000000','肖晓博','电子信息工程2020(1)班',48,0),(1089,'20201151019','000000','黄伟科','电子信息工程2020(1)班',48,0),(1090,'20201151021','000000','吴其欣','电子信息工程2020(1)班',48,0),(1091,'20201151023','000000','杜洁灵','电子信息工程2020(1)班',48,0),(1092,'20201151025','000000','李宗桂','电子信息工程2020(1)班',48,0),(1093,'20201151027','000000','蒲心茹','电子信息工程2020(1)班',48,0),(1094,'20201151029','000000','雷正利','电子信息工程2020(1)班',48,0),(1095,'20201151031','000000','陈豪','电子信息工程2020(1)班',48,0),(1096,'20201151033','000000','武杰声','电子信息工程2020(1)班',48,0),(1097,'20201151035','000000','曾翔','电子信息工程2020(1)班',48,0),(1098,'20201151037','000000','高顺巧','电子信息工程2020(1)班',48,0),(1099,'20201151039','000000','吴俊','电子信息工程2020(1)班',48,0),(1100,'20201151041','000000','李楠','电子信息工程2020(1)班',48,0),(1101,'20201151043','000000','张捷','电子信息工程2020(1)班',48,0),(1102,'20201151045','000000','唐永军','电子信息工程2020(1)班',48,0),(1103,'20201151047','000000','龙庭松','电子信息工程2020(1)班',48,0),(1104,'20201151051','000000','莫佳明','电子信息工程2020(1)班',48,0),(1105,'20201151053','000000','胡旭','电子信息工程2020(1)班',48,0),(1106,'20201151055','000000','王欣闻','电子信息工程2020(1)班',48,0),(1107,'20201151057','000000','张偲','电子信息工程2020(1)班',48,0),(1108,'20201151061','000000','杨跃婷','电子信息工程2020(1)班',48,0),(1109,'20201151063','000000','张磊','电子信息工程2020(1)班',48,0),(1110,'20201151065','000000','袁攀','电子信息工程2020(1)班',48,0),(1111,'20201151067','000000','李玲梅','电子信息工程2020(1)班',48,0),(1112,'20201151069','000000','冯权源','电子信息工程2020(1)班',48,0),(1113,'20201151071','000000','彭俊','电子信息工程2020(1)班',48,0),(1114,'20201151073','000000','刘博','电子信息工程2020(1)班',48,0),(1115,'20201151075','000000','周俊杰','电子信息工程2020(1)班',48,0),(1116,'20201151077','000000','何英','电子信息工程2020(1)班',48,0),(1117,'20171151052','000000','王璇','电子信息工程2020(2)班',48,0),(1118,'20201151002','000000','陈明鹤','电子信息工程2020(2)班',48,0),(1119,'20201151006','000000','王凤云','电子信息工程2020(2)班',48,0),(1120,'20201151008','000000','赵国安','电子信息工程2020(2)班',48,0),(1121,'20201151010','000000','李煜泽','电子信息工程2020(2)班',48,0),(1122,'20201151012','000000','秦浩','电子信息工程2020(2)班',48,0),(1123,'20201151014','000000','方一','电子信息工程2020(2)班',48,0),(1124,'20201151016','000000','张正昇','电子信息工程2020(2)班',48,0),(1125,'20201151018','000000','尹翔民','电子信息工程2020(2)班',48,0),(1126,'20201151022','000000','王小龙','电子信息工程2020(2)班',48,0),(1127,'20201151024','000000','李志伟','电子信息工程2020(2)班',48,0),(1128,'20201151026','000000','黄灵睿','电子信息工程2020(2)班',48,0),(1129,'20201151028','000000','李一书','电子信息工程2020(2)班',48,0),(1130,'20201151030','000000','明念坤','电子信息工程2020(2)班',48,0),(1131,'20201151032','000000','王春明','电子信息工程2020(2)班',48,0),(1132,'20201151034','000000','沐里施奇','电子信息工程2020(2)班',48,0),(1133,'20201151036','000000','杨旺','电子信息工程2020(2)班',48,0),(1134,'20201151038','000000','李建香','电子信息工程2020(2)班',48,0),(1135,'20201151040','000000','范诚','电子信息工程2020(2)班',48,0),(1136,'20201151044','000000','王翰轩','电子信息工程2020(2)班',48,0),(1137,'20201151046','000000','胡源涛','电子信息工程2020(2)班',48,0),(1138,'20201151048','000000','柳成飞','电子信息工程2020(2)班',48,0),(1139,'20201151050','000000','刘浦','电子信息工程2020(2)班',48,0),(1140,'20201151052','000000','朱恒','电子信息工程2020(2)班',48,0),(1141,'20201151054','000000','金晶','电子信息工程2020(2)班',48,0),(1142,'20201151056','000000','何友啸','电子信息工程2020(2)班',48,0),(1143,'20201151058','000000','宗维鑫','电子信息工程2020(2)班',48,0),(1144,'20201151060','000000','计骁洋','电子信息工程2020(2)班',48,0),(1145,'20201151062','000000','程阴羽','电子信息工程2020(2)班',48,0),(1146,'20201151064','000000','张涛','电子信息工程2020(2)班',48,0),(1147,'20201151066','000000','谷静杭','电子信息工程2020(2)班',48,0),(1148,'20201151068','000000','王鑫杰','电子信息工程2020(2)班',48,0),(1149,'20201151070','000000','张玉明','电子信息工程2020(2)班',48,0),(1150,'20201151072','000000','陈骋','电子信息工程2020(2)班',48,0),(1151,'20201151074','000000','施权峰','电子信息工程2020(2)班',48,0),(1152,'20201151076','000000','徐猛','电子信息工程2020(2)班',48,0),(1153,'20130953036','000000','李永亚','计算机科学与技术2019',216,0),(1154,'20160655028','000000','柳晓强','计算机科学与技术2021班',216,0),(1155,'20191152075','000000','马玲艳','计算机科学与技术2019',216,0),(1156,'20191152076','000000','杨丽','计算机科学与技术2019',216,0),(1158,'20161155022','000000','李念','数据科学与大数据技术2019',2,0),(1159,'20170152027','000000','潘娇玲','计算机科学与技术2019',2,0),(1160,'20170655005','000000','宋庆烽','计算机科学与技术2019',2,0),(1161,'20171151052','000000','王璇','电子信息工程2020(2)班',2,0),(1162,'20171152045','000000','陈宏达','计算机科学与技术2019',2,0),(1163,'20180152016','000000','肖晨亮','计算机科学与技术2020',2,0),(1164,'20180453020','000000','赵尔康','计算机科学与技术2020',2,0),(1165,'20180952027','000000','余星位','计算机科学与技术2020',2,0),(1166,'20181151033','000000','郭荣伟','电子信息工程2020(1)班',2,0),(1167,'20181151034','000000','陶福茁','电子信息工程2020(1)班',2,0),(1168,'20181151039','000000','耿奥','电子信息工程2020(1)班',2,0),(1169,'20181152010','000000','徐禀辰','计算机科学与技术2019',2,0),(1170,'20181152036','000000','周博','计算机科学与技术2019',2,0),(1171,'20181254016','000000','邢安懿','计算机科学与技术2021班',2,0),(1172,'20190852020','000000','马振然','计算机科学与技术2020',2,0),(1173,'20190859051','000000','陈煜元','计算机科学与技术2019',2,0),(1174,'20190953043','000000','赵文华','数据科学与大数据技术2019',2,0),(1175,'20191054017','000000','双辰','计算机科学与技术2019',2,0),(1176,'20191151001','000000','任学颖','电子信息工程2019(1)班',2,0),(1177,'20191151002','000000','李扬','电子信息工程2019(1)班',2,0),(1178,'20191151003','000000','谭力','电子信息工程2019(1)班',2,0),(1179,'20191151004','000000','许士通','电子信息工程2019(1)班',2,0),(1180,'20191151005','000000','仝晓晖','电子信息工程2019(1)班',2,0),(1181,'20191151006','000000','罗韬','电子信息工程2019(1)班',2,0),(1182,'20191151007','000000','藕雨露','电子信息工程2019(1)班',2,0),(1183,'20191151008','000000','凌俊宇','计算机科学与技术2019',2,0),(1184,'20191151009','000000','陆江龙','电子信息工程2019(1)班',2,0),(1185,'20191151010','000000','李松沂','电子信息工程2019(1)班',2,0),(1186,'20191151011','000000','刘英豪','电子信息工程2019(1)班',2,0),(1187,'20191151012','000000','王浩博','电子信息工程2019(1)班',2,0),(1188,'20191151013','000000','贾瑞光','电子信息工程2019(1)班',2,0),(1189,'20191151014','000000','谢开初','电子信息工程2019(1)班',2,0),(1190,'20191151015','000000','林志华','电子信息工程2019(1)班',2,0),(1191,'20191151016','000000','韦增醒','电子信息工程2019(1)班',2,0),(1192,'20191151017','000000','邓欣灏','电子信息工程2019(1)班',2,0),(1193,'20191151018','000000','王磊','电子信息工程2019(1)班',2,0),(1194,'20191151019','000000','张皓','电子信息工程2019(1)班',2,0),(1195,'20191151020','000000','陈敏','电子信息工程2019(1)班',2,0),(1196,'20191151021','000000','毕国芳','电子信息工程2019(1)班',2,0),(1197,'20191151022','000000','林伟国','电子信息工程2019(1)班',2,0),(1198,'20191151023','000000','王飞一','电子信息工程2019(1)班',2,0),(1199,'20191151024','000000','陈世涛','电子信息工程2019(1)班',2,0),(1200,'20191151025','000000','陈宗月','电子信息工程2019(1)班',2,0),(1201,'20191151026','000000','胡刚','电子信息工程2019(1)班',2,0),(1202,'20191151027','000000','崔波','电子信息工程2019(1)班',2,0),(1203,'20191151028','000000','郭荣江','电子信息工程2019(1)班',2,0),(1204,'20191151029','000000','赵长帅','电子信息工程2019(1)班',2,0),(1205,'20191151030','000000','陈开浪','电子信息工程2019(1)班',2,0),(1206,'20191151031','000000','刘帅','电子信息工程2019(1)班',2,0),(1207,'20191151032','000000','李朝','电子信息工程2019(1)班',2,0),(1208,'20191151033','000000','冯开新','电子信息工程2019(1)班',2,0),(1209,'20191151034','000000','曾庆宇','电子信息工程2019(1)班',2,0),(1210,'20191151035','000000','宗吉华','电子信息工程2019(1)班',2,0),(1211,'20191151037','000000','杨友','电子信息工程2019(1)班',2,0),(1212,'20191151038','000000','张倬宾','电子信息工程2019(2)班',2,0),(1213,'20191151041','000000','朱桓乐','电子信息工程2019(2)班',2,0),(1214,'20191151042','000000','陈争云','电子信息工程2019(2)班',2,0),(1215,'20191151043','000000','吴欣洲','电子信息工程2019(2)班',2,0),(1216,'20191151044','000000','张建荣','电子信息工程2019(2)班',2,0),(1217,'20191151045','000000','拜晓娟','电子信息工程2019(2)班',2,0),(1218,'20191151046','000000','李昌蔚','电子信息工程2019(2)班',2,0),(1219,'20191151047','000000','张林坤','电子信息工程2019(2)班',2,0),(1220,'20191151048','000000','吴中冠','电子信息工程2019(2)班',2,0),(1221,'20191151049','000000','缪联','电子信息工程2019(2)班',2,0),(1222,'20191151050','000000','王韵涛','电子信息工程2019(2)班',2,0),(1223,'20191151051','000000','方禹杰','电子信息工程2019(2)班',2,0),(1224,'20191151053','000000','杨新艳','电子信息工程2019(2)班',2,0),(1225,'20191151055','000000','施俊刚','电子信息工程2019(2)班',2,0),(1226,'20191151056','000000','王富豪','电子信息工程2019(2)班',2,0),(1227,'20191151057','000000','赵兴媛','电子信息工程2019(2)班',2,0),(1228,'20191151059','000000','方帆','电子信息工程2019(2)班',2,0),(1229,'20191151060','000000','普佐归','电子信息工程2019(2)班',2,0),(1230,'20191151061','000000','普荣强','电子信息工程2019(2)班',2,0),(1231,'20191151062','000000','李嘉聪','电子信息工程2019(2)班',2,0),(1232,'20191151063','000000','李根广','电子信息工程2019(2)班',2,0),(1233,'20191151064','000000','杨德斌','电子信息工程2019(2)班',2,0),(1234,'20191151065','000000','吴红全','电子信息工程2019(2)班',2,0),(1235,'20191151066','000000','王勇顺','电子信息工程2019(2)班',2,0),(1236,'20191151067','000000','胡嘉靖','电子信息工程2019(2)班',2,0),(1237,'20191151069','000000','张鑫','电子信息工程2019(2)班',2,0),(1238,'20191151070','000000','王甲一','电子信息工程2019(2)班',2,0),(1239,'20191151071','000000','吴文杰','电子信息工程2019(2)班',2,0),(1240,'20191151072','000000','刘洋','电子信息工程2019(2)班',2,0),(1241,'20191151073','000000','马胧','电子信息工程2019(2)班',2,0),(1242,'20191151074','000000','张妮','电子信息工程2019(2)班',2,0),(1243,'20191151075','000000','李箬璇','电子信息工程2019(2)班',2,0),(1244,'20191152001','000000','王璐琳','计算机科学与技术2019',2,0),(1245,'20191152002','000000','查海涛','计算机科学与技术2019',2,0),(1246,'20191152003','000000','王凯','计算机科学与技术2019',2,0),(1247,'20191152004','000000','马欣宇','计算机科学与技术2019',2,0),(1248,'20191152005','000000','朱吉林','计算机科学与技术2019',2,0),(1249,'20191152006','000000','范浩','计算机科学与技术2019',2,0),(1250,'20191152007','000000','王宁','计算机科学与技术2019',2,0),(1251,'20191152008','000000','赵卓','计算机科学与技术2019',2,0),(1252,'20191152009','000000','王子义','计算机科学与技术2019',2,0),(1253,'20191152010','000000','吴彬','计算机科学与技术2019',2,0),(1254,'20191152011','000000','刘楚惠','计算机科学与技术2019',2,0),(1255,'20191152012','000000','林海','计算机科学与技术2019',2,0),(1256,'20191152013','000000','蔡欣龙','计算机科学与技术2019',2,0),(1257,'20191152014','000000','王清燕','计算机科学与技术2019',2,0),(1258,'20191152015','000000','陈皓','计算机科学与技术2019',2,0),(1259,'20191152016','000000','刘昕蕾','计算机科学与技术2019',2,0),(1260,'20191152017','000000','李中正','计算机科学与技术2019',2,0),(1261,'20191152018','000000','赵霞','计算机科学与技术2019',2,0),(1262,'20191152019','000000','史志全','计算机科学与技术2019',2,0),(1263,'20191152020','000000','谭林峰','计算机科学与技术2019',2,0),(1264,'20191152021','000000','杨银贤','计算机科学与技术2019',2,0),(1265,'20191152022','000000','邱鸿','计算机科学与技术2019',2,0),(1266,'20191152023','000000','李涛','计算机科学与技术2019',2,0),(1267,'20191152025','000000','范航坤','计算机科学与技术2019',2,0),(1268,'20191152026','000000','吴先虎','计算机科学与技术2019',2,0),(1269,'20191152027','000000','简荣傲','计算机科学与技术2019',2,0),(1270,'20191152028','000000','高元伟','计算机科学与技术2019',2,0),(1271,'20191152030','000000','肖进美','计算机科学与技术2019',2,0),(1272,'20191152031','000000','周贤伦','计算机科学与技术2019',2,0),(1273,'20191152032','000000','武耀','计算机科学与技术2019',2,0),(1274,'20191152033','000000','赵国','计算机科学与技术2019',2,0),(1275,'20191152034','000000','赵自立','计算机科学与技术2019',2,0),(1276,'20191152035','000000','李苑','计算机科学与技术2019',2,0),(1277,'20191152036','000000','王超','计算机科学与技术2019',2,0),(1278,'20191152037','000000','范茜','计算机科学与技术2019',2,0),(1279,'20191152038','000000','徐琳璐','计算机科学与技术2019',2,0),(1280,'20191152039','000000','赵垚','计算机科学与技术2019',2,0),(1281,'20191152040','000000','刘祎飏','计算机科学与技术2019',2,0),(1282,'20191152041','000000','浦同矫','计算机科学与技术2019',2,0),(1283,'20191152042','000000','康曦林','计算机科学与技术2019',2,0),(1284,'20191152043','000000','王婷','计算机科学与技术2019',2,0),(1285,'20191152044','000000','骆付兵','计算机科学与技术2020',2,0),(1286,'20191152045','000000','张颢馨','计算机科学与技术2019',2,0),(1287,'20191152046','000000','田园','计算机科学与技术2019',2,0),(1288,'20191152047','000000','顾勤艳','计算机科学与技术2019',2,0),(1289,'20191152048','000000','杨健','计算机科学与技术2019',2,0),(1290,'20191152049','000000','刘觐源','计算机科学与技术2019',2,0),(1291,'20191152050','000000','黄娇','计算机科学与技术2019',2,0),(1292,'20191152051','000000','李云祥','计算机科学与技术2019',2,0),(1293,'20191152052','000000','张博','计算机科学与技术2019',2,0),(1294,'20191152053','000000','白旭雨','计算机科学与技术2019',2,0),(1295,'20191152054','000000','黄龙剑','计算机科学与技术2019',2,0),(1296,'20191152055','000000','罗世丽','计算机科学与技术2019',2,0),(1297,'20191152056','000000','赵寿娜','计算机科学与技术2019',2,0),(1298,'20191152057','000000','李童','计算机科学与技术2019',2,0),(1299,'20191152058','000000','朱淡源','计算机科学与技术2019',2,0),(1300,'20191152059','000000','代艳婷','计算机科学与技术2019',2,0),(1301,'20191152061','000000','杨魏杰','计算机科学与技术2019',2,0),(1302,'20191152062','000000','杨继媛','计算机科学与技术2019',2,0),(1303,'20191152063','000000','朱蓉','计算机科学与技术2019',2,0),(1304,'20191152064','000000','钏揄玫','计算机科学与技术2019',2,0),(1305,'20191152065','000000','和家欣','计算机科学与技术2019',2,0),(1306,'20191152066','000000','赵旭鑫','计算机科学与技术2019',2,0),(1307,'20191152067','000000','陈佩琪','计算机科学与技术2019',2,0),(1308,'20191152068','000000','邱柏杨','计算机科学与技术2019',2,0),(1309,'20191152069','000000','郭道源','计算机科学与技术2019',2,0),(1310,'20191152070','000000','高飞龙','计算机科学与技术2019',2,0),(1311,'20191152071','000000','郑宇','计算机科学与技术2019',2,0),(1312,'20191152072','000000','孙宇洋','计算机科学与技术2019',2,0),(1313,'20191152073','000000','姜在锺','计算机科学与技术2019',2,0),(1314,'20191152074','000000','李钊','计算机科学与技术2019',2,0),(1315,'20191152075','000000','马玲艳','计算机科学与技术2019',2,0),(1316,'20191152076','000000','杨丽','计算机科学与技术2019',2,0),(1320,'数据科学与大数据技术2019','000000','李念','数据科学与大数据技术2019',4,0),(1321,'计算机科学与技术2019','000000','潘娇玲','计算机科学与技术2019',4,0),(1322,'计算机科学与技术2019','000000','宋庆烽','计算机科学与技术2019',4,0),(1323,'电子信息工程2020(2)班','000000','王璇','电子信息工程2020(2)班',4,0),(1324,'计算机科学与技术2019','000000','陈宏达','计算机科学与技术2019',4,0),(1325,'计算机科学与技术2020','000000','肖晨亮','计算机科学与技术2020',4,0),(1326,'计算机科学与技术2020','000000','赵尔康','计算机科学与技术2020',4,0),(1327,'计算机科学与技术2020','000000','余星位','计算机科学与技术2020',4,0),(1328,'电子信息工程2020(1)班','000000','郭荣伟','电子信息工程2020(1)班',4,0),(1329,'电子信息工程2020(1)班','000000','陶福茁','电子信息工程2020(1)班',4,0),(1330,'电子信息工程2020(1)班','000000','耿奥','电子信息工程2020(1)班',4,0),(1331,'计算机科学与技术2019','000000','徐禀辰','计算机科学与技术2019',4,0),(1332,'计算机科学与技术2019','000000','周博','计算机科学与技术2019',4,0),(1333,'计算机科学与技术2021班','000000','邢安懿','计算机科学与技术2021班',4,0),(1334,'计算机科学与技术2020','000000','马振然','计算机科学与技术2020',4,0),(1335,'计算机科学与技术2019','000000','陈煜元','计算机科学与技术2019',4,0),(1336,'数据科学与大数据技术2019','000000','赵文华','数据科学与大数据技术2019',4,0),(1337,'计算机科学与技术2019','000000','双辰','计算机科学与技术2019',4,0),(1338,'电子信息工程2019(1)班','000000','任学颖','电子信息工程2019(1)班',4,0),(1339,'电子信息工程2019(1)班','000000','李扬','电子信息工程2019(1)班',4,0),(1340,'电子信息工程2019(1)班','000000','谭力','电子信息工程2019(1)班',4,0),(1341,'电子信息工程2019(1)班','000000','许士通','电子信息工程2019(1)班',4,0),(1342,'电子信息工程2019(1)班','000000','仝晓晖','电子信息工程2019(1)班',4,0),(1343,'电子信息工程2019(1)班','000000','罗韬','电子信息工程2019(1)班',4,0),(1344,'电子信息工程2019(1)班','000000','藕雨露','电子信息工程2019(1)班',4,0),(1345,'计算机科学与技术2019','000000','凌俊宇','计算机科学与技术2019',4,0),(1346,'电子信息工程2019(1)班','000000','陆江龙','电子信息工程2019(1)班',4,0),(1347,'电子信息工程2019(1)班','000000','李松沂','电子信息工程2019(1)班',4,0),(1348,'电子信息工程2019(1)班','000000','刘英豪','电子信息工程2019(1)班',4,0),(1349,'电子信息工程2019(1)班','000000','王浩博','电子信息工程2019(1)班',4,0),(1350,'电子信息工程2019(1)班','000000','贾瑞光','电子信息工程2019(1)班',4,0),(1351,'电子信息工程2019(1)班','000000','谢开初','电子信息工程2019(1)班',4,0),(1352,'电子信息工程2019(1)班','000000','林志华','电子信息工程2019(1)班',4,0),(1353,'电子信息工程2019(1)班','000000','韦增醒','电子信息工程2019(1)班',4,0),(1354,'电子信息工程2019(1)班','000000','邓欣灏','电子信息工程2019(1)班',4,0),(1355,'电子信息工程2019(1)班','000000','王磊','电子信息工程2019(1)班',4,0),(1356,'电子信息工程2019(1)班','000000','张皓','电子信息工程2019(1)班',4,0),(1357,'电子信息工程2019(1)班','000000','陈敏','电子信息工程2019(1)班',4,0),(1358,'电子信息工程2019(1)班','000000','毕国芳','电子信息工程2019(1)班',4,0),(1359,'电子信息工程2019(1)班','000000','林伟国','电子信息工程2019(1)班',4,0),(1360,'电子信息工程2019(1)班','000000','王飞一','电子信息工程2019(1)班',4,0),(1361,'电子信息工程2019(1)班','000000','陈世涛','电子信息工程2019(1)班',4,0),(1362,'电子信息工程2019(1)班','000000','陈宗月','电子信息工程2019(1)班',4,0),(1363,'电子信息工程2019(1)班','000000','胡刚','电子信息工程2019(1)班',4,0),(1364,'电子信息工程2019(1)班','000000','崔波','电子信息工程2019(1)班',4,0),(1365,'电子信息工程2019(1)班','000000','郭荣江','电子信息工程2019(1)班',4,0),(1366,'电子信息工程2019(1)班','000000','赵长帅','电子信息工程2019(1)班',4,0),(1367,'电子信息工程2019(1)班','000000','陈开浪','电子信息工程2019(1)班',4,0),(1368,'电子信息工程2019(1)班','000000','刘帅','电子信息工程2019(1)班',4,0),(1369,'电子信息工程2019(1)班','000000','李朝','电子信息工程2019(1)班',4,0),(1370,'电子信息工程2019(1)班','000000','冯开新','电子信息工程2019(1)班',4,0),(1371,'电子信息工程2019(1)班','000000','曾庆宇','电子信息工程2019(1)班',4,0),(1372,'电子信息工程2019(1)班','000000','宗吉华','电子信息工程2019(1)班',4,0),(1373,'电子信息工程2019(1)班','000000','杨友','电子信息工程2019(1)班',4,0),(1374,'电子信息工程2019(2)班','000000','张倬宾','电子信息工程2019(2)班',4,0),(1375,'电子信息工程2019(2)班','000000','朱桓乐','电子信息工程2019(2)班',4,0),(1376,'电子信息工程2019(2)班','000000','陈争云','电子信息工程2019(2)班',4,0),(1377,'电子信息工程2019(2)班','000000','吴欣洲','电子信息工程2019(2)班',4,0),(1378,'电子信息工程2019(2)班','000000','张建荣','电子信息工程2019(2)班',4,0),(1379,'电子信息工程2019(2)班','000000','拜晓娟','电子信息工程2019(2)班',4,0),(1380,'电子信息工程2019(2)班','000000','李昌蔚','电子信息工程2019(2)班',4,0),(1381,'电子信息工程2019(2)班','000000','张林坤','电子信息工程2019(2)班',4,0),(1382,'电子信息工程2019(2)班','000000','吴中冠','电子信息工程2019(2)班',4,0),(1383,'电子信息工程2019(2)班','000000','缪联','电子信息工程2019(2)班',4,0),(1384,'电子信息工程2019(2)班','000000','王韵涛','电子信息工程2019(2)班',4,0),(1385,'电子信息工程2019(2)班','000000','方禹杰','电子信息工程2019(2)班',4,0),(1386,'电子信息工程2019(2)班','000000','杨新艳','电子信息工程2019(2)班',4,0),(1387,'电子信息工程2019(2)班','000000','施俊刚','电子信息工程2019(2)班',4,0),(1388,'电子信息工程2019(2)班','000000','王富豪','电子信息工程2019(2)班',4,0),(1389,'电子信息工程2019(2)班','000000','赵兴媛','电子信息工程2019(2)班',4,0),(1390,'电子信息工程2019(2)班','000000','方帆','电子信息工程2019(2)班',4,0),(1391,'电子信息工程2019(2)班','000000','普佐归','电子信息工程2019(2)班',4,0),(1392,'电子信息工程2019(2)班','000000','普荣强','电子信息工程2019(2)班',4,0),(1393,'电子信息工程2019(2)班','000000','李嘉聪','电子信息工程2019(2)班',4,0),(1394,'电子信息工程2019(2)班','000000','李根广','电子信息工程2019(2)班',4,0),(1395,'电子信息工程2019(2)班','000000','杨德斌','电子信息工程2019(2)班',4,0),(1396,'电子信息工程2019(2)班','000000','吴红全','电子信息工程2019(2)班',4,0),(1397,'电子信息工程2019(2)班','000000','王勇顺','电子信息工程2019(2)班',4,0),(1398,'电子信息工程2019(2)班','000000','胡嘉靖','电子信息工程2019(2)班',4,0),(1399,'电子信息工程2019(2)班','000000','张鑫','电子信息工程2019(2)班',4,0),(1400,'电子信息工程2019(2)班','000000','王甲一','电子信息工程2019(2)班',4,0),(1401,'电子信息工程2019(2)班','000000','吴文杰','电子信息工程2019(2)班',4,0),(1402,'电子信息工程2019(2)班','000000','刘洋','电子信息工程2019(2)班',4,0),(1403,'电子信息工程2019(2)班','000000','马胧','电子信息工程2019(2)班',4,0),(1404,'电子信息工程2019(2)班','000000','张妮','电子信息工程2019(2)班',4,0),(1405,'电子信息工程2019(2)班','000000','李箬璇','电子信息工程2019(2)班',4,0),(1406,'计算机科学与技术2019','000000','王璐琳','计算机科学与技术2019',4,0),(1407,'计算机科学与技术2019','000000','查海涛','计算机科学与技术2019',4,0),(1408,'计算机科学与技术2019','000000','王凯','计算机科学与技术2019',4,0),(1409,'计算机科学与技术2019','000000','马欣宇','计算机科学与技术2019',4,0),(1410,'计算机科学与技术2019','000000','朱吉林','计算机科学与技术2019',4,0),(1411,'计算机科学与技术2019','000000','范浩','计算机科学与技术2019',4,0),(1412,'计算机科学与技术2019','000000','王宁','计算机科学与技术2019',4,0),(1413,'计算机科学与技术2019','000000','赵卓','计算机科学与技术2019',4,0),(1414,'计算机科学与技术2019','000000','王子义','计算机科学与技术2019',4,0),(1415,'计算机科学与技术2019','000000','吴彬','计算机科学与技术2019',4,0),(1416,'计算机科学与技术2019','000000','刘楚惠','计算机科学与技术2019',4,0),(1417,'计算机科学与技术2019','000000','林海','计算机科学与技术2019',4,0),(1418,'计算机科学与技术2019','000000','蔡欣龙','计算机科学与技术2019',4,0),(1419,'计算机科学与技术2019','000000','王清燕','计算机科学与技术2019',4,0),(1420,'计算机科学与技术2019','000000','陈皓','计算机科学与技术2019',4,0),(1421,'计算机科学与技术2019','000000','刘昕蕾','计算机科学与技术2019',4,0),(1422,'计算机科学与技术2019','000000','李中正','计算机科学与技术2019',4,0),(1423,'计算机科学与技术2019','000000','赵霞','计算机科学与技术2019',4,0),(1424,'计算机科学与技术2019','000000','史志全','计算机科学与技术2019',4,0),(1425,'计算机科学与技术2019','000000','谭林峰','计算机科学与技术2019',4,0),(1426,'计算机科学与技术2019','000000','杨银贤','计算机科学与技术2019',4,0),(1427,'计算机科学与技术2019','000000','邱鸿','计算机科学与技术2019',4,0),(1428,'计算机科学与技术2019','000000','李涛','计算机科学与技术2019',4,0),(1429,'计算机科学与技术2019','000000','范航坤','计算机科学与技术2019',4,0),(1430,'计算机科学与技术2019','000000','吴先虎','计算机科学与技术2019',4,0),(1431,'计算机科学与技术2019','000000','简荣傲','计算机科学与技术2019',4,0),(1432,'计算机科学与技术2019','000000','高元伟','计算机科学与技术2019',4,0),(1433,'计算机科学与技术2019','000000','肖进美','计算机科学与技术2019',4,0),(1434,'计算机科学与技术2019','000000','周贤伦','计算机科学与技术2019',4,0),(1435,'计算机科学与技术2019','000000','武耀','计算机科学与技术2019',4,0),(1436,'计算机科学与技术2019','000000','赵国','计算机科学与技术2019',4,0),(1437,'计算机科学与技术2019','000000','赵自立','计算机科学与技术2019',4,0),(1438,'计算机科学与技术2019','000000','李苑','计算机科学与技术2019',4,0),(1439,'计算机科学与技术2019','000000','王超','计算机科学与技术2019',4,0),(1440,'计算机科学与技术2019','000000','范茜','计算机科学与技术2019',4,0),(1441,'计算机科学与技术2019','000000','徐琳璐','计算机科学与技术2019',4,0),(1442,'计算机科学与技术2019','000000','赵垚','计算机科学与技术2019',4,0),(1443,'计算机科学与技术2019','000000','刘祎飏','计算机科学与技术2019',4,0),(1444,'计算机科学与技术2019','000000','浦同矫','计算机科学与技术2019',4,0),(1445,'计算机科学与技术2019','000000','康曦林','计算机科学与技术2019',4,0),(1446,'计算机科学与技术2019','000000','王婷','计算机科学与技术2019',4,0),(1447,'计算机科学与技术2020','000000','骆付兵','计算机科学与技术2020',4,0),(1448,'计算机科学与技术2019','000000','张颢馨','计算机科学与技术2019',4,0),(1449,'计算机科学与技术2019','000000','田园','计算机科学与技术2019',4,0),(1450,'计算机科学与技术2019','000000','顾勤艳','计算机科学与技术2019',4,0),(1451,'计算机科学与技术2019','000000','杨健','计算机科学与技术2019',4,0),(1452,'计算机科学与技术2019','000000','刘觐源','计算机科学与技术2019',4,0),(1453,'计算机科学与技术2019','000000','黄娇','计算机科学与技术2019',4,0),(1454,'计算机科学与技术2019','000000','李云祥','计算机科学与技术2019',4,0),(1455,'计算机科学与技术2019','000000','张博','计算机科学与技术2019',4,0),(1456,'计算机科学与技术2019','000000','白旭雨','计算机科学与技术2019',4,0),(1457,'计算机科学与技术2019','000000','黄龙剑','计算机科学与技术2019',4,0),(1458,'计算机科学与技术2019','000000','罗世丽','计算机科学与技术2019',4,0),(1459,'计算机科学与技术2019','000000','赵寿娜','计算机科学与技术2019',4,0),(1460,'计算机科学与技术2019','000000','李童','计算机科学与技术2019',4,0),(1461,'计算机科学与技术2019','000000','朱淡源','计算机科学与技术2019',4,0),(1462,'计算机科学与技术2019','000000','代艳婷','计算机科学与技术2019',4,0),(1463,'计算机科学与技术2019','000000','杨魏杰','计算机科学与技术2019',4,0),(1464,'计算机科学与技术2019','000000','杨继媛','计算机科学与技术2019',4,0),(1465,'计算机科学与技术2019','000000','朱蓉','计算机科学与技术2019',4,0),(1466,'计算机科学与技术2019','000000','钏揄玫','计算机科学与技术2019',4,0),(1467,'计算机科学与技术2019','000000','和家欣','计算机科学与技术2019',4,0),(1468,'计算机科学与技术2019','000000','赵旭鑫','计算机科学与技术2019',4,0),(1469,'计算机科学与技术2019','000000','陈佩琪','计算机科学与技术2019',4,0),(1470,'计算机科学与技术2019','000000','邱柏杨','计算机科学与技术2019',4,0),(1471,'计算机科学与技术2019','000000','郭道源','计算机科学与技术2019',4,0),(1472,'计算机科学与技术2019','000000','高飞龙','计算机科学与技术2019',4,0),(1473,'计算机科学与技术2019','000000','郑宇','计算机科学与技术2019',4,0),(1474,'计算机科学与技术2019','000000','孙宇洋','计算机科学与技术2019',4,0),(1475,'计算机科学与技术2019','000000','姜在锺','计算机科学与技术2019',4,0),(1476,'计算机科学与技术2019','000000','李钊','计算机科学与技术2019',4,0),(1477,'计算机科学与技术2019','000000','马玲艳','计算机科学与技术2019',4,0),(1478,'计算机科学与技术2019','000000','杨丽','计算机科学与技术2019',4,0);
/*!40000 ALTER TABLE `student_information` ENABLE KEYS */;
UNLOCK TABLES;

--
-- Table structure for table `student_usual_score`
--

DROP TABLE IF EXISTS `student_usual_score`;
/*!40101 SET @saved_cs_client     = @@character_set_client */;
/*!40101 SET character_set_client = utf8 */;
CREATE TABLE `student_usual_score` (
  `usual_score_id` int(11) NOT NULL AUTO_INCREMENT,
  `student_id` int(11) NOT NULL,
  `score` double DEFAULT '0',
  `score_details` varchar(1000) DEFAULT NULL,
  PRIMARY KEY (`usual_score_id`),
  KEY `学生平时成绩表关联学生信息表` (`student_id`),
  CONSTRAINT `学生平时成绩表关联学生信息表` FOREIGN KEY (`student_id`) REFERENCES `student_information` (`id`) ON DELETE CASCADE ON UPDATE CASCADE
) ENGINE=InnoDB AUTO_INCREMENT=474 DEFAULT CHARSET=utf8;
/*!40101 SET character_set_client = @saved_cs_client */;

--
-- Dumping data for table `student_usual_score`
--

LOCK TABLES `student_usual_score` WRITE;
/*!40000 ALTER TABLE `student_usual_score` DISABLE KEYS */;
INSERT INTO `student_usual_score` VALUES (77,127,7,'[\"6\",\"6\",\"6\"]'),(78,128,2,'[\"1\",\"1\",\"1\"]'),(79,129,4,'[\"2\",\"4\",\"4\"]'),(80,130,6,'[\"5\",\"5\",\"5\"]'),(81,131,4,'[\"3\",\"3\",\"3\"]'),(82,132,2,'[\"1\",\"1\",\"1\"]'),(83,133,2,'[\"1\",\"1\",\"1\"]'),(84,134,2,'[\"1\",\"1\",\"1\"]'),(85,135,2,'[\"1\",\"1\",\"1\"]'),(86,136,2,'[\"1\",\"1\",\"1\"]'),(87,137,2,'[\"1\",\"1\",\"1\"]'),(88,138,2,'[\"1\",\"1\",\"1\"]'),(89,139,2,'[\"1\",\"1\",\"1\"]'),(90,140,2,'[\"1\",\"1\",\"1\"]'),(91,141,2,'[\"1\",\"1\",\"1\"]'),(92,142,2,'[\"1\",\"1\",\"1\"]'),(93,143,2,'[\"1\",\"1\",\"1\"]'),(94,144,2,'[\"1\",\"1\",\"1\"]'),(95,145,2,'[\"1\",\"1\",\"1\"]'),(96,146,2,'[\"1\",\"1\",\"1\"]'),(99,149,2,'[\"1\",\"1\",\"1\"]'),(100,150,28,'[\"10\",\"20\",\"40\"]'),(101,151,2,'[\"1\",\"1\",\"1\"]'),(102,152,2,'[\"1\",\"1\",\"1\"]'),(103,153,2,'[\"1\",\"1\",\"1\"]'),(104,154,2,'[\"1\",\"1\",\"1\"]'),(105,155,2,'[\"1\",\"1\",\"1\"]'),(213,270,90,'[\"90\",\"90\",\"90\",\"90\"]'),(214,271,90,'[\"90\",\"90\",\"90\",\"90\"]'),(217,274,90,'[\"90\",\"90\",\"90\",\"90\"]'),(218,275,90,'[\"90\",\"90\",\"90\",\"90\"]'),(219,276,90,'[\"90\",\"90\",\"90\",\"90\"]'),(220,277,90,'[\"90\",\"90\",\"90\",\"90\"]'),(221,278,90,'[\"90\",\"90\",\"90\",\"90\"]'),(222,279,90,'[\"90\",\"90\",\"90\",\"90\"]'),(223,280,90,'[\"90\",\"90\",\"90\",\"90\"]'),(224,281,90,'[\"90\",\"90\",\"90\",\"90\"]'),(225,282,90,'[\"90\",\"90\",\"90\",\"90\"]'),(226,283,90,'[\"90\",\"90\",\"90\",\"90\"]'),(227,284,90,'[\"90\",\"90\",\"90\",\"90\"]'),(228,285,90,'[\"90\",\"90\",\"90\",\"90\"]'),(229,286,90,'[\"90\",\"90\",\"90\",\"90\"]'),(230,287,90,'[\"90\",\"90\",\"90\",\"90\"]'),(231,288,90,'[\"90\",\"90\",\"90\",\"90\"]'),(232,289,90,'[\"90\",\"90\",\"90\",\"90\"]'),(233,290,90,'[\"90\",\"90\",\"90\",\"90\"]'),(234,291,90,'[\"90\",\"90\",\"90\",\"90\"]'),(235,292,90,'[\"90\",\"90\",\"90\",\"90\"]'),(236,293,90,'[\"90\",\"90\",\"90\",\"90\"]'),(237,294,90,'[\"90\",\"90\",\"90\",\"90\"]'),(238,295,90,'[\"90\",\"90\",\"90\",\"90\"]'),(239,296,90,'[\"90\",\"90\",\"90\",\"90\"]'),(240,297,90,'[\"90\",\"90\",\"90\",\"90\"]'),(241,298,90,'[\"90\",\"90\",\"90\",\"90\"]'),(242,299,90,'[\"90\",\"90\",\"90\",\"90\"]'),(243,300,90,'[\"90\",\"90\",\"90\",\"90\"]'),(247,364,69,'[\"20\",\"81\"]'),(248,365,70,'[\"20\",\"82\"]'),(249,366,71,'[\"20\",\"83\"]'),(250,367,72,'[\"20\",\"84\"]'),(251,368,72,'[\"20\",\"85\"]'),(252,369,73,'[\"20\",\"86\"]'),(253,370,74,'[\"20\",\"87\"]'),(254,371,75,'[\"20\",\"88\"]'),(255,372,76,'[\"20\",\"89\"]'),(256,373,76,'[\"20\",\"90\"]'),(257,374,77,'[\"20\",\"91\"]'),(258,375,78,'[\"20\",\"92\"]'),(259,376,79,'[\"20\",\"93\"]'),(260,377,80,'[\"20\",\"94\"]'),(261,378,80,'[\"20\",\"95\"]'),(262,379,81,'[\"20\",\"96\"]'),(263,380,82,'[\"20\",\"97\"]'),(264,381,83,'[\"20\",\"98\"]'),(265,382,84,'[\"20\",\"99\"]'),(266,383,84,'[\"20\",\"100\"]'),(267,384,60,'[\"20\",\"70\"]'),(268,385,61,'[\"20\",\"71\"]'),(269,386,62,'[\"20\",\"72\"]'),(270,387,63,'[\"20\",\"73\"]'),(271,388,64,'[\"20\",\"74\"]'),(272,389,64,'[\"20\",\"75\"]'),(273,390,65,'[\"20\",\"76\"]'),(274,391,66,'[\"20\",\"77\"]'),(275,392,67,'[\"20\",\"78\"]'),(276,393,68,'[\"20\",\"79\"]'),(277,394,68,'[\"20\",\"80\"]'),(278,395,69,'[\"20\",\"81\"]'),(279,396,70,'[\"20\",\"82\"]'),(280,397,71,'[\"20\",\"83\"]'),(281,398,72,'[\"20\",\"84\"]'),(282,399,72,'[\"20\",\"85\"]'),(283,400,73,'[\"20\",\"86\"]'),(284,401,74,'[\"20\",\"87\"]'),(285,402,75,'[\"20\",\"88\"]'),(286,403,76,'[\"20\",\"89\"]'),(287,404,76,'[\"20\",\"90\"]'),(288,405,77,'[\"20\",\"91\"]'),(289,406,78,'[\"20\",\"92\"]'),(290,407,79,'[\"20\",\"93\"]'),(291,408,80,'[\"20\",\"94\"]'),(292,409,80,'[\"20\",\"95\"]'),(293,410,81,'[\"20\",\"96\"]'),(294,411,82,'[\"20\",\"97\"]'),(295,412,68,'[\"20\",\"80\"]'),(296,413,69,'[\"20\",\"81\"]'),(297,414,70,'[\"20\",\"82\"]'),(298,415,71,'[\"20\",\"83\"]'),(299,416,72,'[\"20\",\"84\"]'),(300,417,72,'[\"20\",\"85\"]'),(301,418,73,'[\"20\",\"86\"]'),(302,419,74,'[\"20\",\"87\"]'),(303,420,75,'[\"20\",\"88\"]'),(304,421,76,'[\"20\",\"89\"]'),(305,422,76,'[\"20\",\"90\"]'),(306,423,77,'[\"20\",\"91\"]'),(307,424,78,'[\"20\",\"92\"]'),(312,592,68,'[\"20\",\"100\"]'),(313,593,68,'[\"20\",\"100\"]'),(314,594,68,'[\"20\",\"100\"]'),(315,595,68,'[\"20\",\"100\"]'),(316,596,68,'[\"20\",\"100\"]'),(317,597,68,'[\"20\",\"100\"]'),(318,598,68,'[\"20\",\"100\"]'),(319,599,68,'[\"20\",\"100\"]'),(320,600,68,'[\"20\",\"100\"]'),(321,601,68,'[\"20\",\"100\"]'),(322,602,68,'[\"20\",\"100\"]'),(323,603,68,'[\"20\",\"100\"]'),(324,604,68,'[\"20\",\"100\"]'),(325,605,68,'[\"20\",\"100\"]'),(326,606,68,'[\"20\",\"100\"]'),(327,607,68,'[\"20\",\"100\"]'),(328,608,68,'[\"20\",\"100\"]'),(329,609,68,'[\"20\",\"100\"]'),(330,610,68,'[\"20\",\"100\"]'),(331,611,68,'[\"20\",\"100\"]'),(332,612,68,'[\"20\",\"100\"]'),(333,613,68,'[\"20\",\"100\"]'),(334,614,68,'[\"20\",\"100\"]'),(335,615,68,'[\"20\",\"100\"]'),(336,616,68,'[\"20\",\"100\"]'),(337,617,68,'[\"20\",\"100\"]'),(338,618,68,'[\"20\",\"100\"]'),(339,619,68,'[\"20\",\"100\"]'),(340,620,68,'[\"20\",\"100\"]'),(341,621,68,'[\"20\",\"100\"]'),(342,622,68,'[\"20\",\"100\"]'),(343,623,68,'[\"20\",\"100\"]'),(344,624,68,'[\"20\",\"100\"]'),(345,625,68,'[\"20\",\"100\"]'),(346,626,68,'[\"20\",\"100\"]'),(347,627,68,'[\"20\",\"100\"]'),(348,628,68,'[\"20\",\"100\"]'),(349,629,68,'[\"20\",\"100\"]'),(350,630,68,'[\"20\",\"100\"]'),(351,631,68,'[\"20\",\"100\"]'),(352,632,68,'[\"20\",\"100\"]'),(353,633,68,'[\"20\",\"100\"]'),(354,634,68,'[\"20\",\"100\"]'),(355,635,68,'[\"20\",\"100\"]'),(356,636,68,'[\"20\",\"100\"]'),(357,637,68,'[\"20\",\"100\"]'),(358,638,68,'[\"20\",\"100\"]'),(359,639,68,'[\"20\",\"100\"]'),(360,640,68,'[\"20\",\"100\"]'),(361,641,68,'[\"20\",\"100\"]'),(362,642,68,'[\"20\",\"100\"]'),(363,643,68,'[\"20\",\"100\"]'),(364,644,68,'[\"20\",\"100\"]'),(365,645,68,'[\"20\",\"100\"]'),(366,646,68,'[\"20\",\"100\"]'),(367,647,68,'[\"20\",\"100\"]'),(368,648,68,'[\"20\",\"100\"]'),(369,649,68,'[\"20\",\"100\"]'),(370,650,68,'[\"20\",\"100\"]'),(371,651,68,'[\"20\",\"100\"]'),(372,652,68,'[\"20\",\"100\"]'),(373,653,68,'[\"20\",\"100\"]'),(374,654,68,'[\"20\",\"100\"]'),(375,655,68,'[\"20\",\"100\"]'),(376,656,68,'[\"20\",\"100\"]'),(377,657,68,'[\"20\",\"100\"]'),(378,658,68,'[\"20\",\"100\"]'),(379,659,68,'[\"20\",\"100\"]'),(380,660,68,'[\"20\",\"100\"]'),(381,661,68,'[\"20\",\"100\"]'),(382,662,68,'[\"20\",\"100\"]'),(383,663,68,'[\"20\",\"100\"]'),(384,664,68,'[\"20\",\"100\"]'),(385,665,68,'[\"20\",\"100\"]'),(386,666,68,'[\"20\",\"100\"]'),(387,667,68,'[\"20\",\"100\"]'),(388,668,68,'[\"20\",\"100\"]'),(389,669,68,'[\"20\",\"100\"]'),(390,670,68,'[\"20\",\"100\"]'),(391,671,68,'[\"20\",\"100\"]'),(392,672,68,'[\"20\",\"100\"]'),(393,673,68,'[\"20\",\"100\"]'),(394,674,68,'[\"20\",\"100\"]'),(395,675,68,'[\"20\",\"100\"]'),(396,676,68,'[\"20\",\"100\"]'),(397,677,68,'[\"20\",\"100\"]'),(398,678,68,'[\"20\",\"100\"]'),(399,679,68,'[\"20\",\"100\"]'),(400,680,68,'[\"20\",\"100\"]'),(401,681,68,'[\"20\",\"100\"]'),(402,682,68,'[\"20\",\"100\"]'),(403,683,68,'[\"20\",\"100\"]'),(404,684,68,'[\"20\",\"100\"]'),(405,685,68,'[\"20\",\"100\"]'),(406,686,68,'[\"20\",\"100\"]'),(407,687,68,'[\"20\",\"100\"]'),(408,688,68,'[\"20\",\"100\"]'),(409,689,68,'[\"20\",\"100\"]'),(410,690,68,'[\"20\",\"100\"]'),(411,691,68,'[\"20\",\"100\"]'),(412,692,68,'[\"20\",\"100\"]'),(413,693,68,'[\"20\",\"100\"]'),(414,694,68,'[\"20\",\"100\"]'),(415,695,68,'[\"20\",\"100\"]'),(416,696,68,'[\"20\",\"100\"]'),(417,697,68,'[\"20\",\"100\"]'),(418,698,68,'[\"20\",\"100\"]'),(419,699,68,'[\"20\",\"100\"]'),(420,700,68,'[\"20\",\"100\"]'),(421,701,68,'[\"20\",\"100\"]'),(422,702,68,'[\"20\",\"100\"]'),(423,703,68,'[\"20\",\"100\"]'),(424,704,68,'[\"20\",\"100\"]'),(425,705,68,'[\"20\",\"100\"]'),(426,706,68,'[\"20\",\"100\"]'),(427,707,68,'[\"20\",\"100\"]'),(428,708,68,'[\"20\",\"100\"]'),(429,709,68,'[\"20\",\"100\"]'),(430,710,68,'[\"20\",\"100\"]'),(431,711,68,'[\"20\",\"100\"]'),(432,712,68,'[\"20\",\"100\"]'),(433,713,68,'[\"20\",\"100\"]'),(434,714,68,'[\"20\",\"100\"]'),(435,715,68,'[\"20\",\"100\"]'),(436,716,68,'[\"20\",\"100\"]'),(437,717,68,'[\"20\",\"100\"]'),(438,718,68,'[\"20\",\"100\"]'),(439,719,68,'[\"20\",\"100\"]'),(440,720,68,'[\"20\",\"100\"]'),(441,721,68,'[\"20\",\"100\"]'),(442,722,68,'[\"20\",\"100\"]'),(443,723,68,'[\"20\",\"100\"]'),(444,724,68,'[\"20\",\"100\"]'),(445,725,68,'[\"20\",\"100\"]'),(446,726,68,'[\"20\",\"100\"]'),(447,727,68,'[\"20\",\"100\"]'),(448,728,68,'[\"20\",\"100\"]'),(449,729,68,'[\"20\",\"100\"]'),(450,730,68,'[\"20\",\"100\"]'),(451,731,68,'[\"20\",\"100\"]'),(452,732,68,'[\"20\",\"100\"]'),(453,733,68,'[\"20\",\"100\"]'),(454,734,68,'[\"20\",\"100\"]'),(455,735,68,'[\"20\",\"100\"]'),(456,736,68,'[\"20\",\"100\"]'),(457,737,68,'[\"20\",\"100\"]'),(458,738,68,'[\"20\",\"100\"]'),(459,739,68,'[\"20\",\"100\"]'),(460,740,68,'[\"20\",\"100\"]'),(461,741,68,'[\"20\",\"100\"]'),(462,742,68,'[\"20\",\"100\"]'),(463,743,68,'[\"20\",\"100\"]'),(464,744,68,'[\"20\",\"100\"]'),(465,745,68,'[\"20\",\"100\"]'),(466,746,68,'[\"20\",\"100\"]'),(467,747,68,'[\"20\",\"100\"]'),(470,268,90,'[\"90\",\"90\",\"90\",\"90\"]'),(471,269,90,'[\"90\",\"90\",\"90\",\"90\"]'),(472,273,90,'[\"90\",\"90\",\"90\",\"90\"]'),(473,363,75,'[\"12\",\"90\"]');
/*!40000 ALTER TABLE `student_usual_score` ENABLE KEYS */;
UNLOCK TABLES;

--
-- Table structure for table `user`
--

DROP TABLE IF EXISTS `user`;
/*!40101 SET @saved_cs_client     = @@character_set_client */;
/*!40101 SET character_set_client = utf8 */;
CREATE TABLE `user` (
  `id` int(11) NOT NULL AUTO_INCREMENT,
  `name` varchar(30) NOT NULL,
  `teacher_name` varchar(10) NOT NULL,
  `password` varchar(20) DEFAULT '000000',
  `is_admin` int(1) DEFAULT '0',
  `department` varchar(200) DEFAULT NULL,
  PRIMARY KEY (`id`)
) ENGINE=InnoDB AUTO_INCREMENT=139 DEFAULT CHARSET=utf8;
/*!40101 SET character_set_client = @saved_cs_client */;

--
-- Dumping data for table `user`
--

LOCK TABLES `user` WRITE;
/*!40000 ALTER TABLE `user` DISABLE KEYS */;
INSERT INTO `user` VALUES (1,'admin','阳光伟','123',0,'信息与智能工程系'),(2,'admin2','test1','123',3,'信息与智能工程系'),(3,'admin3','123','123',2,'计算机科学与工程系'),(94,'bx15288187317','白雪','000000',0,'计算机科学与工程系'),(95,'cy13529049079','曹涌','000000',0,'数据科学与工程系'),(96,'df13908715148','代飞','000000',2,'数据科学与工程系'),(97,'dzq15287167686','戴正权','000000',0,'信息与智能工程系'),(98,'dje15287113619','董建娥','000000',0,'信息与智能工程系'),(99,'dyy13577046004','董跃宇','000000',0,'数据科学与工程系'),(100,'fxy13518704805','付小勇','000000',0,'计算机科学与工程系'),(101,'gh18208721391','高皜','000000',0,'信息与智能工程系'),(102,'gr13629436290','郭冉','000000',0,'计算机科学与工程系'),(103,'hx13888008509','何鑫','000000',0,'计算机科学与工程系'),(104,'hjp13888425274','贺金平','000000',0,'计算机科学与工程系'),(105,'hkr13700687538','胡坤融','000000',1,'数据科学与工程系'),(106,'hb15808868790','黄苾','000000',0,'计算机科学与工程系'),(107,'hyx18208830702','黄宇翔','000000',0,'数据科学与工程系'),(108,'kwl13700618673','寇卫利','000000',0,'计算机科学与工程系'),(109,'ljq13698778010','李俊萩','000000',0,'信息与智能工程系'),(110,'ls15887279593','李莎','000000',0,'信息与智能工程系'),(111,'lh15987128885','林宏','000000',0,'数据科学与工程系'),(112,'ln13888838980','鲁宁','000000',0,'计算机科学与工程系'),(113,'ly13518756770','鲁莹','000000',0,'信息与智能工程系'),(114,'ldj15608809968','吕丹桔','000000',1,'信息与智能工程系'),(115,'ms13116958088','苗晟','000000',0,'数据科学与工程系'),(116,'qzp13987606761','强振平','000000',1,'计算机科学与工程系'),(117,'qmm13529036061','秦明明','000000',0,'信息与智能工程系'),(118,'rj15925116762','荣剑','000000',0,'信息与智能工程系'),(119,'syk15808796485','孙永科','000000',0,'数据科学与工程系'),(120,'wh13888331410','王欢','000000',0,'计算机科学与工程系'),(121,'wxl13577067397','王晓林','000000',0,'计算机科学与工程系'),(122,'wxr13700692383','王晓锐','000000',0,'数据科学与工程系'),(123,'xlw15825293953','邢丽伟','000000',0,'计算机科学与工程系'),(124,'xh18987955169','幸宏','000000',0,'计算机科学与工程系'),(125,'xf13698763596','熊飞','000000',0,'数据科学与工程系'),(126,'xqy13608849821','徐全元','000000',0,'信息与智能工程系'),(127,'xwh13888832080','徐伟恒','000000',0,'信息与智能工程系'),(128,'ypy15198952752','杨鹏宇','000000',0,'计算机科学与工程系'),(129,'yww15987148114','杨微微','000000',0,'教务办'),(130,'yyy15912514075','禹玥昀','000000',0,'信息与智能工程系'),(131,'zhw13759472154','张宏伟','000000',0,'计算机科学与工程系'),(132,'zhx13398854044','张宏翔','000000',0,'信息与智能工程系'),(133,'zqh13888193733','张晴晖','000000',0,'信息与智能工程系'),(134,'zf13888300900','赵璠','000000',0,'信息与智能工程系'),(135,'zx13888673236','赵喜','000000',0,'计算机科学与工程系'),(136,'zyl15825298876','赵毅力','000000',0,'计算机科学与工程系'),(137,'zyj15987138789','赵友杰','000000',0,'数据科学与工程系'),(138,'zlh15288473403','钟丽辉','000000',0,'信息与智能工程系');
/*!40000 ALTER TABLE `user` ENABLE KEYS */;
UNLOCK TABLES;
/*!40103 SET TIME_ZONE=@OLD_TIME_ZONE */;

/*!40101 SET SQL_MODE=@OLD_SQL_MODE */;
/*!40014 SET FOREIGN_KEY_CHECKS=@OLD_FOREIGN_KEY_CHECKS */;
/*!40014 SET UNIQUE_CHECKS=@OLD_UNIQUE_CHECKS */;
/*!40101 SET CHARACTER_SET_CLIENT=@OLD_CHARACTER_SET_CLIENT */;
/*!40101 SET CHARACTER_SET_RESULTS=@OLD_CHARACTER_SET_RESULTS */;
/*!40101 SET COLLATION_CONNECTION=@OLD_COLLATION_CONNECTION */;
/*!40111 SET SQL_NOTES=@OLD_SQL_NOTES */;

-- Dump completed on 2023-07-21 22:55:03
